Workbook
Name RAPORSUMATIF: #REF!
Name NamaKelasSaatKelasX: MASTER!$F$4:$F$60
Name NAMAP5: 'OLAH P5'!$D$6:$D$55
Name RAPORSUMATIF: Cetak!$A$1:$R$53
Name HEADERGABCK: 'GAB-CK'!$A$2:$AZ$2
Name HeaderInputSumatif: 'INPUT SUMATIF'!$A$2:$CH$2
Name DataBiodataSetting: SETTING!$E$3:$AH$56
Name DataNamaInputCP: 'INPUT CP'!$D$4:$D$53
Name HeaderInputCP: 'INPUT CP'!$3:$3
Name NamaKelasSaatXI: MASTER!$F$4:$F$60
Name RAPORCK2: Cetak!$S$103:$AB$151
Name DataPembentukUS: 'PEMBENTUK US'!$A$5:$CH$54
Name DataInputSumatif: 'INPUT SUMATIF'!$A$5:$CH$54
Name NIPWalas: MASTER!$AT$4:$AT$60
Name HeaderPembentukUS: 'PEMBENTUK US'!$A$2:$CH$2
Name HeaderBiodata: SETTING!$E$2:$AH$2
Name masterKonsKeahlian: MASTER!$AM$4:$AM$30
Name RAPORCK1: Cetak!$S$58:$AB$82
Name KelasWalas: MASTER!$AR$4:$AR$30
Name DataNamaInputSumatif: 'INPUT SUMATIF'!$D$5:$D$54
Name masterProgKeahlian: MASTER!$AN$4:$AN$30
Name RAPORCK1: #REF!
Name NamaRombelXI: MASTER!$AN$4:$AN$60
Name NamaKelasSaatXII: MASTER!$AJ$4:$AJ$60
Name DATAP5: 'OLAH P5'!$A$6:$AB$55
Name NamaWalas: MASTER!$AS$4:$AS$60
Name HEADERGABSUM: 'GAB-SUM'!$A$1:$CD$1
Name NamaBiodata: SETTING!$H$3:$H$56
Name NamaRombelXII: MASTER!$AO$4:$AO$60
Name DataNamaPembentukUS: 'PEMBENTUK US'!$D$5:$D$54
Name HEADERP5: 'OLAH P5'!$2:$2
Name TahunPelajaran: MASTER!$AQ$4:$AQ$30
Name masternamsiswa: MASTER!$B$4:$F$60
Name masterkkelasnya: MASTER!$F$4:$F$60
Name RAPORCK2: #REF!
Name DataInputCP: 'INPUT CP'!$A$4:$BB$53

Sheet INPUT SUMATIF
A1: 1 | B1: 2 | C1: 3 | D1: 4 | E1: 5 | F1: 6 | G1: 7 | H1: 8 | I1: 9 | J1: 10 | K1: 11 | L1: 12 | M1: 13 | N1: 14 | O1: 15 | P1: 16 | Q1: 17 | R1: 18 | S1: 19 | T1: 20 | U1: 21 | V1: 22 | W1: 23 | X1: 24 | Y1: 25 | Z1: 26 | AA1: 27 | AB1: 28 | AC1: 29 | AD1: 30 | AE1: 31 | AF1: 32 | AG1: 33 | AH1: 34 | AI1: 35 | AJ1: 36 | AK1: 37 | AL1: 37 | AM1: 39 | AN1: 40 | AO1: 41 | AP1: 42 | AQ1: 43 | AR1: 44 | AS1: 45 | AT1: 46 | AU1: 47 | AV1: 48 | AW1: 49 | AX1: 50 | AY1: 51 | AZ1: 52 | BA1: 53 | BB1: 54 | BC1: 55 | BD1: 56 | BE1: 57 | BF1: 58 | BG1: 59 | BH1: 60 | BI1: 61 | BJ1: 62 | BK1: 63 | BL1: 64 | BM1: 65 | BN1: 66 | BO1: 67 | BP1: 68 | BQ1: 69 | BR1: 70 | BS1: 71 | BT1: 76 | BU1: 72 | BV1: 73 | BW1: 74 | BX1: 75 | BY1: 76 | BZ1: 77 | CA1: 78 | CB1: 79 | CC1: 80 | CD1: 81 | CE1: 82 | CF1: 83 | CG1: 84 | CH1: 85
A2: =A3 -> NO | B2: =B3 -> NIS | C2: =C3 -> NISN | D2: =D3 -> NAMA | E2: =E3 -> KELAS | F2: =F3 -> SEMESTER | G2: =$H3&" "&G4 -> PAI SUMATIF 1 | H2: =$H3&" "&H4 -> PAI SUMATIF 2 | I2: =$H3&" "&I4 -> PAI SUMATIF 3 | J2: =$H3&" "&J4 -> PAI RATA-RATA SUMATIF | K2: =$H3&" "&K4 -> PAI NILAI SUMATIF AKHIR | L2: =$M3&" "&L4 -> PKN SUMATIF 1 | M2: =$M3&" "&M4 -> PKN SUMATIF 2 | N2: =$M3&" "&N4 -> PKN SUMATIF 3 | O2: =$M3&" "&O4 -> PKN RATA-RATA SUMATIF | P2: =$M3&" "&P4 -> PKN NILAI SUMATIF AKHIR | Q2: =$R3&" "&Q4 -> B. INDONESIA SUMATIF 1 | R2: =$R3&" "&R4 -> B. INDONESIA SUMATIF 2 | S2: =$R3&" "&S4 -> B. INDONESIA SUMATIF 3 | T2: =$R3&" "&T4 -> B. INDONESIA RATA-RATA SUMATIF | U2: =$R3&" "&U4 -> B. INDONESIA NILAI SUMATIF AKHIR | V2: =$W3&" "&V4 -> PJOK SUMATIF 1 | W2: =$W3&" "&W4 -> PJOK SUMATIF 2 | X2: =$W3&" "&X4 -> PJOK SUMATIF 3 | Y2: =$W3&" "&Y4 -> PJOK RATA-RATA SUMATIF | Z2: =$W3&" "&Z4 -> PJOK NILAI SUMATIF AKHIR | AA2: =$AB3&" "&AA4 -> SEJARAH SUMATIF 1 | AB2: =$AB3&" "&AB4 -> SEJARAH SUMATIF 2 | AC2: =$AB3&" "&AC4 -> SEJARAH SUMATIF 3 | AD2: =$AB3&" "&AD4 -> SEJARAH RATA-RATA SUMATIF | AE2: =$AB3&" "&AE4 -> SEJARAH NILAI SUMATIF AKHIR | AF2: =$AG3&" "&AF4 -> SENI BUDAYA SUMATIF 1 | AG2: =$AG3&" "&AG4 -> SENI BUDAYA SUMATIF 2 | AH2: =$AG3&" "&AH4 -> SENI BUDAYA SUMATIF 3 | AI2: =$AG3&" "&AI4 -> SENI BUDAYA RATA-RATA SUMATIF | AJ2: =$AG3&" "&AJ4 -> SENI BUDAYA NILAI SUMATIF AKHIR | AK2: =$AL3&" "&AK4 -> B. SUNDA SUMATIF 1 | AL2: =$AL3&" "&AL4 -> B. SUNDA SUMATIF 2 | AM2: =$AL3&" "&AM4 -> B. SUNDA SUMATIF 3 | AN2: =$AL3&" "&AN4 -> B. SUNDA RATA-RATA SUMATIF | AO2: =$AL3&" "&AO4 -> B. SUNDA NILAI SUMATIF AKHIR | AP2: =$AQ3&" "&AP4 -> MATEMATIKA SUMATIF 1 | AQ2: =$AQ3&" "&AQ4 -> MATEMATIKA SUMATIF 2 | AR2: =$AQ3&" "&AR4 -> MATEMATIKA SUMATIF 3 | AS2: =$AQ3&" "&AS4 -> MATEMATIKA RATA-RATA SUMATIF | AT2: =$AQ3&" "&AT4 -> MATEMATIKA NILAI SUMATIF AKHIR | AU2: =$AV3&" "&AU4 -> B. INGGRIS SUMATIF 1 | AV2: =$AV3&" "&AV4 -> B. INGGRIS SUMATIF 2 | AW2: =$AV3&" "&AW4 -> B. INGGRIS SUMATIF 3 | AX2: =$AV3&" "&AX4 -> B. INGGRIS RATA-RATA SUMATIF | AY2: =$AV3&" "&AY4 -> B. INGGRIS NILAI SUMATIF AKHIR | AZ2: =$BA3&" "&AZ4 -> INFORMATIKA SUMATIF 1 | BA2: =$BA3&" "&BA4 -> INFORMATIKA SUMATIF 2 | BB2: =$BA3&" "&BB4 -> INFORMATIKA SUMATIF 3 | BC2: =$BA3&" "&BC4 -> INFORMATIKA RATA-RATA SUMATIF | BD2: =$BA3&" "&BD4 -> INFORMATIKA NILAI SUMATIF AKHIR | BE2: =$BF3&" "&BE4 -> PROJEK IPAS SUMATIF 1 | BF2: =$BF3&" "&BF4 -> PROJEK IPAS SUMATIF 2 | BG2: =$BF3&" "&BG4 -> PROJEK IPAS SUMATIF 3 | BH2: =$BF3&" "&BH4 -> PROJEK IPAS RATA-RATA SUMATIF | BI2: =$BF3&" "&BI4 -> PROJEK IPAS NILAI SUMATIF AKHIR | BJ2: =$BK3&" "&BJ4 -> DDPK SUMATIF 1 | BK2: =$BK3&" "&BK4 -> DDPK SUMATIF 2 | BL2: =$BK3&" "&BL4 -> DDPK SUMATIF 3 | BM2: =$BK3&" "&BM4 -> DDPK RATA-RATA SUMATIF | BN2: =$BK3&" "&BN4 -> DDPK NILAI SUMATIF AKHIR | BO2: =$BP3&" "&BO4 -> KODING SUMATIF 1 | BP2: =$BP3&" "&BP4 -> KODING SUMATIF 2 | BQ2: =$BP3&" "&BQ4 -> KODING SUMATIF 3 | BR2: =$BP3&" "&BR4 -> KODING RATA-RATA SUMATIF | BS2: =$BP3&" "&BS4 -> KODING NILAI SUMATIF AKHIR | BT2: =$BU3&" "&BT4 -> KONS. KEAHLIAN SUMATIF 1 | BU2: =$BU3&" "&BU4 -> KONS. KEAHLIAN SUMATIF 2 | BV2: =$BU3&" "&BV4 -> KONS. KEAHLIAN SUMATIF 3 | BW2: =$BU3&" "&BW4 -> KONS. KEAHLIAN RATA-RATA SUMATIF | BX2: =$BU3&" "&BX4 -> KONS. KEAHLIAN NILAI SUMATIF AKHIR | BY2: =$BZ3&" "&BY4 -> PKK SUMATIF 1 | BZ2: =$BZ3&" "&BZ4 -> PKK SUMATIF 2 | CA2: =$BZ3&" "&CA4 -> PKK SUMATIF 3 | CB2: =$BZ3&" "&CB4 -> PKK RATA-RATA SUMATIF | CC2: =$BZ3&" "&CC4 -> PKK NILAI SUMATIF AKHIR | CD2: =$CE3&" "&CD4 -> MAPEL PILIHAN SUMATIF 1 | CE2: =$CE3&" "&CE4 -> MAPEL PILIHAN SUMATIF 2 | CF2: =$CE3&" "&CF4 -> MAPEL PILIHAN SUMATIF 3 | CG2: =$CE3&" "&CG4 -> MAPEL PILIHAN RATA-RATA SUMATIF | CH2: =$CE3&" "&CH4 -> MAPEL PILIHAN NILAI SUMATIF AKHIR
A3: NO | B3: NIS | C3: NISN | D3: NAMA | E3: KELAS | F3: SEMESTER | G3: 🕌 | H3: PAI | K3: Kolom PSAT | L3: 🏛️ | M3: PKN | P3: Kolom PSAT | Q3: 📖 | R3: B. INDONESIA | U3: Kolom PSAT | V3: ⚽ | W3: PJOK | Z3: Kolom PSAT | AA3: 📜 | AB3: SEJARAH | AE3: Kolom PSAT | AF3: 🎨 | AG3: SENI BUDAYA | AJ3: Kolom PSAT | AK3: 🏞️ | AL3: B. SUNDA | AO3: Kolom PSAT | AP3: ✖️ ➖ | AQ3: MATEMATIKA | AT3: Kolom PSAT | AU3: 📘 | AV3: B. INGGRIS | AY3: Kolom PSAT | AZ3: 💻 | BA3: INFORMATIKA | BD3: Kolom PSAT | BE3: 🔬 | BF3: PROJEK IPAS | BI3: Kolom PSAT | BJ3: 🛠️ | BK3: DDPK | BN3: Kolom PSAT | BO3: 👨🏻‍💻 | BP3: KODING | BS3: Kolom PSAT | BT3: 🚗 | BU3: KONS. KEAHLIAN | BX3: Kolom PSAT | BY3: 💰 | BZ3: PKK | CC3: Kolom PSAT | CD3: 🎯 | CE3: MAPEL PILIHAN | CH3: Kolom PSAT
G4: SUMATIF 1 | H4: SUMATIF 2 | I4: SUMATIF 3 | J4: RATA-RATA SUMATIF | K4: NILAI SUMATIF AKHIR | L4: SUMATIF 1 | M4: SUMATIF 2 | N4: SUMATIF 3 | O4: RATA-RATA SUMATIF | P4: NILAI SUMATIF AKHIR | Q4: SUMATIF 1 | R4: SUMATIF 2 | S4: SUMATIF 3 | T4: RATA-RATA SUMATIF | U4: NILAI SUMATIF AKHIR | V4: SUMATIF 1 | W4: SUMATIF 2 | X4: SUMATIF 3 | Y4: RATA-RATA SUMATIF | Z4: NILAI SUMATIF AKHIR | AA4: SUMATIF 1 | AB4: SUMATIF 2 | AC4: SUMATIF 3 | AD4: RATA-RATA SUMATIF | AE4: NILAI SUMATIF AKHIR | AF4: SUMATIF 1 | AG4: SUMATIF 2 | AH4: SUMATIF 3 | AI4: RATA-RATA SUMATIF | AJ4: NILAI SUMATIF AKHIR | AK4: SUMATIF 1 | AL4: SUMATIF 2 | AM4: SUMATIF 3 | AN4: RATA-RATA SUMATIF | AO4: NILAI SUMATIF AKHIR | AP4: SUMATIF 1 | AQ4: SUMATIF 2 | AR4: SUMATIF 3 | AS4: RATA-RATA SUMATIF | AT4: NILAI SUMATIF AKHIR | AU4: SUMATIF 1 | AV4: SUMATIF 2 | AW4: SUMATIF 3 | AX4: RATA-RATA SUMATIF | AY4: NILAI SUMATIF AKHIR | AZ4: SUMATIF 1 | BA4: SUMATIF 2 | BB4: SUMATIF 3 | BC4: RATA-RATA SUMATIF | BD4: NILAI SUMATIF AKHIR | BE4: SUMATIF 1 | BF4: SUMATIF 2 | BG4: SUMATIF 3 | BH4: RATA-RATA SUMATIF | BI4: NILAI SUMATIF AKHIR | BJ4: SUMATIF 1 | BK4: SUMATIF 2 | BL4: SUMATIF 3 | BM4: RATA-RATA SUMATIF | BN4: NILAI SUMATIF AKHIR | BO4: SUMATIF 1 | BP4: SUMATIF 2 | BQ4: SUMATIF 3 | BR4: RATA-RATA SUMATIF | BS4: NILAI SUMATIF AKHIR | BT4: SUMATIF 1 | BU4: SUMATIF 2 | BV4: SUMATIF 3 | BW4: RATA-RATA SUMATIF | BX4: NILAI SUMATIF AKHIR | BY4: SUMATIF 1 | BZ4: SUMATIF 2 | CA4: SUMATIF 3 | CB4: RATA-RATA SUMATIF | CC4: NILAI SUMATIF AKHIR | CD4: SUMATIF 1 | CE4: SUMATIF 2 | CF4: SUMATIF 3 | CG4: RATA-RATA SUMATIF | CH4: NILAI SUMATIF AKHIR
A5: =IFERROR(__xludf.DUMMYFUNCTION("QUERY(SETTING!$E$3:$I$56, ""SELECT * WHERE Col1 IS NOT NULL"") "),1.0) -> 1 | B5: =IFERROR(__xludf.DUMMYFUNCTION("""COMPUTED_VALUE"""),"2526100414") -> 2526100414 | C5: =IFERROR(__xludf.DUMMYFUNCTION("""COMPUTED_VALUE"""),"0098742051") -> 0098742051 | D5: =IFERROR(__xludf.DUMMYFUNCTION("""COMPUTED_VALUE"""),"AHMAD FAUZI") -> AHMAD FAUZI | E5: =IFERROR(__xludf.DUMMYFUNCTION("""COMPUTED_VALUE"""),"X TO 4") -> X TO 4 | F5: {=IF(D5:D54<>"",SETTING!$C$3,"")} -> Ganjil | G5: 82 | H5: 81 | J5: =IFERROR(AVERAGE(G5:I5),"") -> 81.5 | K5: 80 | L5: 85 | M5: 80 | O5: =IFERROR(AVERAGE(L5:N5),"") -> 82.5 | P5: 82 | Q5: 85 | R5: 85 | S5: 86 | T5: =IFERROR(AVERAGE(Q5:S5),"") -> 85.333333 | U5: 87 | V5: 75 | W5: 93 | Y5: =IFERROR(AVERAGE(V5:X5),"") -> 84 | Z5: 87 | AA5: 86 | AB5: 84 | AC5: 85 | AD5: =IFERROR(AVERAGE(AA5:AC5),"") -> 85 | AE5: 81 | AF5: 90 | AG5: 90 | AH5: 90 | AI5: =IFERROR(AVERAGE(AF5:AH5),"") -> 90 | AJ5: 90 | AK5: 86 | AL5: 85 | AM5: 84 | AN5: =IFERROR(AVERAGE(AK5:AM5),"") -> 85 | AO5: 88 | AP5: 80 | AQ5: =AP5 -> 80 | AR5: =AQ5 -> 80 | AS5: =IFERROR(AVERAGE(AP5:AR5),"") -> 80 | AT5: =AS5 -> 80 | AU5: 74 | AV5: 76 | AW5: 78 | AX5: =IFERROR(AVERAGE(AU5:AW5),"") -> 76 | AY5: 75 | AZ5: 80 | BA5: 80 | BC5: =IFERROR(AVERAGE(AZ5:BB5),"") -> 80 | BD5: 80 | BE5: 80 | BF5: 0 | BG5: 0 | BH5: =IFERROR(AVERAGE(BE5:BG5),"") -> 26.666667 | BI5: 80 | BJ5: 85 | BK5: 80 | BL5: 80 | BM5: =IFERROR(AVERAGE(BJ5:BL5),"") -> 81.666667 | BN5: 80 | BO5: 79 | BP5: 80 | BQ5: 79 | BR5: =IFERROR(AVERAGE(BO5:BQ5),"") -> 79.333333 | BS5: 78 | BW5: =IFERROR(AVERAGE(BT5:BV5),"") | CB5: =IFERROR(AVERAGE(BY5:CA5),"") | CG5: =IFERROR(AVERAGE(CD5:CF5),"")
A6: =IFERROR(__xludf.DUMMYFUNCTION("""COMPUTED_VALUE"""),2.0) -> 2 | B6: =IFERROR(__xludf.DUMMYFUNCTION("""COMPUTED_VALUE"""),"2526100415") -> 2526100415 | C6: =IFERROR(__xludf.DUMMYFUNCTION("""COMPUTED_VALUE"""),"0094541761") -> 0094541761 | D6: =IFERROR(__xludf.DUMMYFUNCTION("""COMPUTED_VALUE"""),"AHMAD YOPI JUMAEDI") -> AHMAD YOPI JUMAEDI | E6: =IFERROR(__xludf.DUMMYFUNCTION("""COMPUTED_VALUE"""),"X TO 4") -> X TO 4 | F6: Ganjil | G6: 78 | H6: 77 | J6: =IFERROR(AVERAGE(G6:I6),"") -> 77.5 | K6: 75 | L6: 85 | M6: 80 | O6: =IFERROR(AVERAGE(L6:N6),"") -> 82.5 | P6: 83 | Q6: 76 | R6: 76 | S6: 78 | T6: =IFERROR(AVERAGE(Q6:S6),"") -> 76.666667 | U6: 78 | V6: 90 | W6: 90 | Y6: =IFERROR(AVERAGE(V6:X6),"") -> 90 | Z6: 90 | AA6: 78 | AB6: 76 | AC6: 77 | AD6: =IFERROR(AVERAGE(AA6:AC6),"") -> 77 | AE6: 73 | AF6: 90 | AG6: 90 | AH6: 89 | AI6: =IFERROR(AVERAGE(AF6:AH6),"") -> 89.666667 | AJ6: 88 | AK6: 78 | AL6: 73 | AM6: 72 | AN6: =IFERROR(AVERAGE(AK6:AM6),"") -> 74.333333 | AO6: 70 | AP6: 72 | AQ6: =AP6 -> 72 | AR6: =AQ6 -> 72 | AS6: =IFERROR(AVERAGE(AP6:AR6),"") -> 72 | AT6: =AS6 -> 72 | AU6: 72 | AV6: 72 | AW6: 72 | AX6: =IFERROR(AVERAGE(AU6:AW6),"") -> 72 | AY6: 72 | AZ6: 80 | BA6: 80 | BC6: =IFERROR(AVERAGE(AZ6:BB6),"") -> 80 | BD6: 80 | BE6: 0 | BF6: 0 | BG6: 0 | BH6: =IFERROR(AVERAGE(BE6:BG6),"") -> 0 | BI6: 78 | BJ6: 79 | BK6: 80 | BL6: 80 | BM6: =IFERROR(AVERAGE(BJ6:BL6),"") -> 79.666667 | BN6: 80 | BO6: 78 | BP6: 77 | BQ6: 78 | BR6: =IFERROR(AVERAGE(BO6:BQ6),"") -> 77.666667 | BS6: 77 | BW6: =IFERROR(AVERAGE(BT6:BV6),"") | CB6: =IFERROR(AVERAGE(BY6:CA6),"") | CG6: =IFERROR(AVERAGE(CD6:CF6),"")
A7: =IFERROR(__xludf.DUMMYFUNCTION("""COMPUTED_VALUE"""),3.0) -> 3 | B7: =IFERROR(__xludf.DUMMYFUNCTION("""COMPUTED_VALUE"""),"2526100416") -> 2526100416 | C7: =IFERROR(__xludf.DUMMYFUNCTION("""COMPUTED_VALUE"""),"0095885037") -> 0095885037 | D7: =IFERROR(__xludf.DUMMYFUNCTION("""COMPUTED_VALUE"""),"ALGI FALGIAN") -> ALGI FALGIAN | E7: =IFERROR(__xludf.DUMMYFUNCTION("""COMPUTED_VALUE"""),"X TO 4") -> X TO 4 | F7: Ganjil | G7: 80 | H7: 80 | J7: =IFERROR(AVERAGE(G7:I7),"") -> 80 | K7: 80 | L7: 85 | M7: 80 | O7: =IFERROR(AVERAGE(L7:N7),"") -> 82.5 | P7: 76 | Q7: 80 | R7: 80 | S7: 84 | T7: =IFERROR(AVERAGE(Q7:S7),"") -> 81.333333 | U7: 85 | V7: 75 | W7: 88 | Y7: =IFERROR(AVERAGE(V7:X7),"") -> 81.5 | Z7: 85 | AA7: 78 | AB7: 76 | AC7: 77 | AD7: =IFERROR(AVERAGE(AA7:AC7),"") -> 77 | AE7: 73 | AF7: 90 | AG7: 89 | AH7: 90 | AI7: =IFERROR(AVERAGE(AF7:AH7),"") -> 89.666667 | AJ7: 89 | AK7: 78 | AL7: 74 | AM7: 71 | AN7: =IFERROR(AVERAGE(AK7:AM7),"") -> 74.333333 | AO7: 70 | AP7: 80 | AQ7: =AP7 -> 80 | AR7: =AQ7 -> 80 | AS7: =IFERROR(AVERAGE(AP7:AR7),"") -> 80 | AT7: =AS7 -> 80 | AU7: 72 | AV7: 72 | AW7: 72 | AX7: =IFERROR(AVERAGE(AU7:AW7),"") -> 72 | AY7: 72 | AZ7: 80 | BA7: 80 | BC7: =IFERROR(AVERAGE(AZ7:BB7),"") -> 80 | BD7: 80 | BE7: 0 | BF7: 0 | BG7: 0 | BH7: =IFERROR(AVERAGE(BE7:BG7),"") -> 0 | BI7: 75 | BJ7: 79 | BK7: 80 | BL7: 80 | BM7: =IFERROR(AVERAGE(BJ7:BL7),"") -> 79.666667 | BN7: 80 | BO7: 79 | BP7: 78 | BQ7: 78 | BR7: =IFERROR(AVERAGE(BO7:BQ7),"") -> 78.333333 | BS7: 78 | BW7: =IFERROR(AVERAGE(BT7:BV7),"") | CB7: =IFERROR(AVERAGE(BY7:CA7),"") | CG7: =IFERROR(AVERAGE(CD7:CF7),"")
A8: =IFERROR(__xludf.DUMMYFUNCTION("""COMPUTED_VALUE"""),4.0) -> 4 | B8: =IFERROR(__xludf.DUMMYFUNCTION("""COMPUTED_VALUE"""),"2526100417") -> 2526100417 | C8: =IFERROR(__xludf.DUMMYFUNCTION("""COMPUTED_VALUE"""),"0095141993") -> 0095141993 | D8: =IFERROR(__xludf.DUMMYFUNCTION("""COMPUTED_VALUE"""),"ALI PERMANA") -> ALI PERMANA | E8: =IFERROR(__xludf.DUMMYFUNCTION("""COMPUTED_VALUE"""),"X TO 4") -> X TO 4 | F8: Ganjil | J8: =IFERROR(AVERAGE(G8:I8),"") | O8: =IFERROR(AVERAGE(L8:N8),"") | Q8: 85 | R8: 80 | S8: 80 | T8: =IFERROR(AVERAGE(Q8:S8),"") -> 81.666667 | U8: 0 | V8: 75 | W8: 75 | Y8: =IFERROR(AVERAGE(V8:X8),"") -> 75 | Z8: 75 | AA8: 60 | AB8: 58 | AC8: 59 | AD8: =IFERROR(AVERAGE(AA8:AC8),"") -> 59 | AE8: 55 | AF8: 88 | AG8: 88 | AH8: 88 | AI8: =IFERROR(AVERAGE(AF8:AH8),"") -> 88 | AJ8: 75 | AK8: 60 | AL8: 0 | AM8: 0 | AN8: =IFERROR(AVERAGE(AK8:AM8),"") -> 20 | AO8: 0 | AP8: 72 | AQ8: =AP8 -> 72 | AR8: =AQ8 -> 72 | AS8: =IFERROR(AVERAGE(AP8:AR8),"") -> 72 | AT8: =AS8 -> 72 | AU8: 40 | AV8: 43 | AW8: 40 | AX8: =IFERROR(AVERAGE(AU8:AW8),"") -> 41 | AY8: 41 | AZ8: 80 | BA8: 80 | BC8: =IFERROR(AVERAGE(AZ8:BB8),"") -> 80 | BD8: 80 | BE8: 0 | BF8: 0 | BG8: 0 | BH8: =IFERROR(AVERAGE(BE8:BG8),"") -> 0 | BI8: 0 | BJ8: 50 | BK8: 50 | BL8: 50 | BM8: =IFERROR(AVERAGE(BJ8:BL8),"") -> 50 | BN8: 50 | BO8: 45 | BP8: 50 | BQ8: 45 | BR8: =IFERROR(AVERAGE(BO8:BQ8),"") -> 46.666667 | BS8: 0 | BW8: =IFERROR(AVERAGE(BT8:BV8),"") | CB8: =IFERROR(AVERAGE(BY8:CA8),"") | CG8: =IFERROR(AVERAGE(CD8:CF8),"")
A9: =IFERROR(__xludf.DUMMYFUNCTION("""COMPUTED_VALUE"""),5.0) -> 5 | B9: =IFERROR(__xludf.DUMMYFUNCTION("""COMPUTED_VALUE"""),"2526100418") -> 2526100418 | C9: =IFERROR(__xludf.DUMMYFUNCTION("""COMPUTED_VALUE"""),"0107198266") -> 0107198266 | D9: =IFERROR(__xludf.DUMMYFUNCTION("""COMPUTED_VALUE"""),"AZRIL EKA NUGRAHA") -> AZRIL EKA NUGRAHA | E9: =IFERROR(__xludf.DUMMYFUNCTION("""COMPUTED_VALUE"""),"X TO 4") -> X TO 4 | F9: Ganjil | G9: 80 | H9: 81 | J9: =IFERROR(AVERAGE(G9:I9),"") -> 80.5 | K9: 77 | L9: 85 | M9: 80 | O9: =IFERROR(AVERAGE(L9:N9),"") -> 82.5 | P9: 84 | Q9: 80 | R9: 85 | S9: 86 | T9: =IFERROR(AVERAGE(Q9:S9),"") -> 83.666667 | U9: 86 | V9: 90 | W9: 86 | Y9: =IFERROR(AVERAGE(V9:X9),"") -> 88 | Z9: 88 | AA9: 86 | AB9: 84 | AC9: 85 | AD9: =IFERROR(AVERAGE(AA9:AC9),"") -> 85 | AE9: 81 | AF9: 88 | AG9: 89 | AH9: 90 | AI9: =IFERROR(AVERAGE(AF9:AH9),"") -> 89 | AJ9: 90 | AK9: 86 | AL9: 86 | AM9: 82 | AN9: =IFERROR(AVERAGE(AK9:AM9),"") -> 84.666667 | AO9: 83 | AP9: 72 | AQ9: =AP9 -> 72 | AR9: =AQ9 -> 72 | AS9: =IFERROR(AVERAGE(AP9:AR9),"") -> 72 | AT9: =AS9 -> 72 | AU9: 72 | AV9: 72 | AW9: 72 | AX9: =IFERROR(AVERAGE(AU9:AW9),"") -> 72 | AY9: 72 | AZ9: 80 | BA9: 80 | BC9: =IFERROR(AVERAGE(AZ9:BB9),"") -> 80 | BD9: 80 | BE9: 80 | BF9: 0 | BG9: 0 | BH9: =IFERROR(AVERAGE(BE9:BG9),"") -> 26.666667 | BI9: 75 | BJ9: 80 | BK9: 80 | BL9: 80 | BM9: =IFERROR(AVERAGE(BJ9:BL9),"") -> 80 | BN9: 80 | BO9: 78 | BP9: 80 | BQ9: 77 | BR9: =IFERROR(AVERAGE(BO9:BQ9),"") -> 78.333333 | BS9: 78 | BW9: =IFERROR(AVERAGE(BT9:BV9),"") | CB9: =IFERROR(AVERAGE(BY9:CA9),"") | CG9: =IFERROR(AVERAGE(CD9:CF9),"")
A10: =IFERROR(__xludf.DUMMYFUNCTION("""COMPUTED_VALUE"""),6.0) -> 6 | B10: =IFERROR(__xludf.DUMMYFUNCTION("""COMPUTED_VALUE"""),"2526100419") -> 2526100419 | C10: =IFERROR(__xludf.DUMMYFUNCTION("""COMPUTED_VALUE"""),"0096198310") -> 0096198310 | D10: =IFERROR(__xludf.DUMMYFUNCTION("""COMPUTED_VALUE"""),"DIKA MUSTIKA SAPUTRA") -> DIKA MUSTIKA SAPUTRA | E10: =IFERROR(__xludf.DUMMYFUNCTION("""COMPUTED_VALUE"""),"X TO 4") -> X TO 4 | F10: Ganjil | G10: 78 | H10: 79 | J10: =IFERROR(AVERAGE(G10:I10),"") -> 78.5 | K10: 77 | L10: 85 | M10: 80 | O10: =IFERROR(AVERAGE(L10:N10),"") -> 82.5 | P10: 83 | Q10: 76 | R10: 76 | S10: 76 | T10: =IFERROR(AVERAGE(Q10:S10),"") -> 76 | U10: 78 | V10: 95 | W10: 95 | Y10: =IFERROR(AVERAGE(V10:X10),"") -> 95 | Z10: 82 | AA10: 60 | AB10: 58 | AC10: 59 | AD10: =IFERROR(AVERAGE(AA10:AC10),"") -> 59 | AE10: 55 | AF10: 89 | AG10: 90 | AH10: 89 | AI10: =IFERROR(AVERAGE(AF10:AH10),"") -> 89.333333 | AJ10: 90 | AK10: 60 | AL10: 0 | AM10: 0 | AN10: =IFERROR(AVERAGE(AK10:AM10),"") -> 20 | AO10: 40 | AP10: 72 | AQ10: =AP10 -> 72 | AR10: =AQ10 -> 72 | AS10: =IFERROR(AVERAGE(AP10:AR10),"") -> 72 | AT10: =AS10 -> 72 | AU10: 72 | AV10: 72 | AW10: 72 | AX10: =IFERROR(AVERAGE(AU10:AW10),"") -> 72 | AY10: 72 | AZ10: 80 | BA10: 80 | BC10: =IFERROR(AVERAGE(AZ10:BB10),"") -> 80 | BD10: 80 | BE10: 0 | BF10: 0 | BG10: 0 | BH10: =IFERROR(AVERAGE(BE10:BG10),"") -> 0 | BI10: 78 | BJ10: 80 | BK10: 80 | BL10: 80 | BM10: =IFERROR(AVERAGE(BJ10:BL10),"") -> 80 | BN10: 80 | BO10: 78 | BP10: 77 | BQ10: 78 | BR10: =IFERROR(AVERAGE(BO10:BQ10),"") -> 77.666667 | BS10: 78 | BW10: =IFERROR(AVERAGE(BT10:BV10),"") | CB10: =IFERROR(AVERAGE(BY10:CA10),"") | CG10: =IFERROR(AVERAGE(CD10:CF10),"")
A11: =IFERROR(__xludf.DUMMYFUNCTION("""COMPUTED_VALUE"""),7.0) -> 7 | B11: =IFERROR(__xludf.DUMMYFUNCTION("""COMPUTED_VALUE"""),"2526100420") -> 2526100420 | C11: =IFERROR(__xludf.DUMMYFUNCTION("""COMPUTED_VALUE"""),"0092542662") -> 0092542662 | D11: =IFERROR(__xludf.DUMMYFUNCTION("""COMPUTED_VALUE"""),"FAWAZ NAUPAL ALFATIR") -> FAWAZ NAUPAL ALFATIR | E11: =IFERROR(__xludf.DUMMYFUNCTION("""COMPUTED_VALUE"""),"X TO 4") -> X TO 4 | F11: Ganjil | G11: 77 | H11: 78 | J11: =IFERROR(AVERAGE(G11:I11),"") -> 77.5 | K11: 77 | L11: 85 | M11: 80 | O11: =IFERROR(AVERAGE(L11:N11),"") -> 82.5 | P11: 80 | Q11: 80 | R11: 78 | S11: 80 | T11: =IFERROR(AVERAGE(Q11:S11),"") -> 79.333333 | U11: 80 | V11: 80 | W11: 96 | Y11: =IFERROR(AVERAGE(V11:X11),"") -> 88 | Z11: 88 | AA11: 81 | AB11: 79 | AC11: 80 | AD11: =IFERROR(AVERAGE(AA11:AC11),"") -> 80 | AE11: 76 | AF11: 88 | AG11: 90 | AH11: 90 | AI11: =IFERROR(AVERAGE(AF11:AH11),"") -> 89.333333 | AJ11: 90 | AK11: 81 | AL11: 78 | AM11: 78 | AN11: =IFERROR(AVERAGE(AK11:AM11),"") -> 79 | AO11: 75 | AP11: 75 | AQ11: =AP11 -> 75 | AR11: =AQ11 -> 75 | AS11: =IFERROR(AVERAGE(AP11:AR11),"") -> 75 | AT11: =AS11 -> 75 | AU11: 73 | AV11: 75 | AW11: 77 | AX11: =IFERROR(AVERAGE(AU11:AW11),"") -> 75 | AY11: 76 | AZ11: 80 | BA11: 80 | BC11: =IFERROR(AVERAGE(AZ11:BB11),"") -> 80 | BD11: 80 | BE11: 88 | BF11: 80 | BG11: 80 | BH11: =IFERROR(AVERAGE(BE11:BG11),"") -> 82.666667 | BI11: 80 | BJ11: 79 | BK11: 80 | BL11: 80 | BM11: =IFERROR(AVERAGE(BJ11:BL11),"") -> 79.666667 | BN11: 80 | BO11: 77 | BP11: 77 | BQ11: 78 | BR11: =IFERROR(AVERAGE(BO11:BQ11),"") -> 77.333333 | BS11: 79 | BW11: =IFERROR(AVERAGE(BT11:BV11),"") | CB11: =IFERROR(AVERAGE(BY11:CA11),"") | CG11: =IFERROR(AVERAGE(CD11:CF11),"")
A12: =IFERROR(__xludf.DUMMYFUNCTION("""COMPUTED_VALUE"""),8.0) -> 8 | B12: =IFERROR(__xludf.DUMMYFUNCTION("""COMPUTED_VALUE"""),"2526100421") -> 2526100421 | C12: =IFERROR(__xludf.DUMMYFUNCTION("""COMPUTED_VALUE"""),"0107343620") -> 0107343620 | D12: =IFERROR(__xludf.DUMMYFUNCTION("""COMPUTED_VALUE"""),"FIKRI AHMAD NAWAWI") -> FIKRI AHMAD NAWAWI | E12: =IFERROR(__xludf.DUMMYFUNCTION("""COMPUTED_VALUE"""),"X TO 4") -> X TO 4 | F12: Ganjil | G12: 80 | H12: 80 | J12: =IFERROR(AVERAGE(G12:I12),"") -> 80 | K12: 77 | L12: 85 | M12: 80 | O12: =IFERROR(AVERAGE(L12:N12),"") -> 82.5 | P12: 82 | Q12: 76 | R12: 80 | S12: 78 | T12: =IFERROR(AVERAGE(Q12:S12),"") -> 78 | U12: 78 | V12: 90 | W12: 89 | Y12: =IFERROR(AVERAGE(V12:X12),"") -> 89.5 | Z12: 84 | AA12: 81 | AB12: 79 | AC12: 80 | AD12: =IFERROR(AVERAGE(AA12:AC12),"") -> 80 | AE12: 76 | AF12: 88 | AG12: 90 | AH12: 90 | AI12: =IFERROR(AVERAGE(AF12:AH12),"") -> 89.333333 | AJ12: 89 | AK12: 81 | AL12: 79 | AM12: 80 | AN12: =IFERROR(AVERAGE(AK12:AM12),"") -> 80 | AO12: 79 | AP12: 72 | AQ12: =AP12 -> 72 | AR12: =AQ12 -> 72 | AS12: =IFERROR(AVERAGE(AP12:AR12),"") -> 72 | AT12: =AS12 -> 72 | AU12: 72 | AV12: 72 | AW12: 72 | AX12: =IFERROR(AVERAGE(AU12:AW12),"") -> 72 | AY12: 72 | AZ12: 80 | BA12: 80 | BC12: =IFERROR(AVERAGE(AZ12:BB12),"") -> 80 | BD12: 80 | BE12: 0 | BF12: 0 | BG12: 0 | BH12: =IFERROR(AVERAGE(BE12:BG12),"") -> 0 | BI12: 78 | BJ12: 82 | BK12: 80 | BL12: 80 | BM12: =IFERROR(AVERAGE(BJ12:BL12),"") -> 80.666667 | BN12: 80 | BO12: 78 | BP12: 77 | BQ12: 78 | BR12: =IFERROR(AVERAGE(BO12:BQ12),"") -> 77.666667 | BS12: 79 | BW12: =IFERROR(AVERAGE(BT12:BV12),"") | CB12: =IFERROR(AVERAGE(BY12:CA12),"") | CG12: =IFERROR(AVERAGE(CD12:CF12),"")
A13: =IFERROR(__xludf.DUMMYFUNCTION("""COMPUTED_VALUE"""),9.0) -> 9 | B13: =IFERROR(__xludf.DUMMYFUNCTION("""COMPUTED_VALUE"""),"2526100422") -> 2526100422 | C13: =IFERROR(__xludf.DUMMYFUNCTION("""COMPUTED_VALUE"""),"0076614788") -> 0076614788 | D13: =IFERROR(__xludf.DUMMYFUNCTION("""COMPUTED_VALUE"""),"HADI NURYADI") -> HADI NURYADI | E13: =IFERROR(__xludf.DUMMYFUNCTION("""COMPUTED_VALUE"""),"X TO 4") -> X TO 4 | F13: Ganjil | G13: 80 | H13: 81 | J13: =IFERROR(AVERAGE(G13:I13),"") -> 80.5 | K13: 75 | L13: 85 | M13: 80 | O13: =IFERROR(AVERAGE(L13:N13),"") -> 82.5 | P13: 85 | Q13: 78 | R13: 78 | S13: 78 | T13: =IFERROR(AVERAGE(Q13:S13),"") -> 78 | U13: 80 | V13: 75 | W13: 90 | Y13: =IFERROR(AVERAGE(V13:X13),"") -> 82.5 | Z13: 84 | AA13: 79 | AB13: 77 | AC13: 78 | AD13: =IFERROR(AVERAGE(AA13:AC13),"") -> 78 | AE13: 74 | AF13: 90 | AG13: 90 | AH13: 90 | AI13: =IFERROR(AVERAGE(AF13:AH13),"") -> 90 | AJ13: 90 | AK13: 79 | AL13: 77 | AM13: 73 | AN13: =IFERROR(AVERAGE(AK13:AM13),"") -> 76.333333 | AO13: 70 | AP13: 80 | AQ13: =AP13 -> 80 | AR13: =AQ13 -> 80 | AS13: =IFERROR(AVERAGE(AP13:AR13),"") -> 80 | AT13: =AS13 -> 80 | AU13: 72 | AV13: 72 | AW13: 72 | AX13: =IFERROR(AVERAGE(AU13:AW13),"") -> 72 | AY13: 72 | AZ13: 80 | BA13: 80 | BC13: =IFERROR(AVERAGE(AZ13:BB13),"") -> 80 | BD13: 80 | BE13: 0 | BF13: 0 | BG13: 0 | BH13: =IFERROR(AVERAGE(BE13:BG13),"") -> 0 | BI13: 80 | BJ13: 80 | BK13: 78 | BL13: 78 | BM13: =IFERROR(AVERAGE(BJ13:BL13),"") -> 78.666667 | BN13: 78 | BO13: 78 | BP13: 79 | BQ13: 77 | BR13: =IFERROR(AVERAGE(BO13:BQ13),"") -> 78 | BS13: 79 | BW13: =IFERROR(AVERAGE(BT13:BV13),"") | CB13: =IFERROR(AVERAGE(BY13:CA13),"") | CG13: =IFERROR(AVERAGE(CD13:CF13),"")
A14: =IFERROR(__xludf.DUMMYFUNCTION("""COMPUTED_VALUE"""),10.0) -> 10 | B14: =IFERROR(__xludf.DUMMYFUNCTION("""COMPUTED_VALUE"""),"2526100423") -> 2526100423 | C14: =IFERROR(__xludf.DUMMYFUNCTION("""COMPUTED_VALUE"""),"0093759169") -> 0093759169 | D14: =IFERROR(__xludf.DUMMYFUNCTION("""COMPUTED_VALUE"""),"IBNU WANALI") -> IBNU WANALI | E14: =IFERROR(__xludf.DUMMYFUNCTION("""COMPUTED_VALUE"""),"X TO 4") -> X TO 4 | F14: Ganjil | G14: 79 | H14: 80 | J14: =IFERROR(AVERAGE(G14:I14),"") -> 79.5 | K14: 77 | L14: 85 | M14: 85 | O14: =IFERROR(AVERAGE(L14:N14),"") -> 85 | P14: 79 | Q14: 80 | R14: 78 | S14: 80 | T14: =IFERROR(AVERAGE(Q14:S14),"") -> 79.333333 | U14: 80 | V14: 75 | W14: 75 | Y14: =IFERROR(AVERAGE(V14:X14),"") -> 75 | Z14: 90 | AA14: 78 | AB14: 76 | AC14: 77 | AD14: =IFERROR(AVERAGE(AA14:AC14),"") -> 77 | AE14: 73 | AF14: 90 | AG14: 89 | AH14: 90 | AI14: =IFERROR(AVERAGE(AF14:AH14),"") -> 89.666667 | AJ14: 90 | AK14: 78 | AL14: 77 | AM14: 73 | AN14: =IFERROR(AVERAGE(AK14:AM14),"") -> 76 | AO14: 70 | AP14: 76 | AQ14: =AP14 -> 76 | AR14: =AQ14 -> 76 | AS14: =IFERROR(AVERAGE(AP14:AR14),"") -> 76 | AT14: =AS14 -> 76 | AU14: 72 | AV14: 72 | AW14: 72 | AX14: =IFERROR(AVERAGE(AU14:AW14),"") -> 72 | AY14: 72 | AZ14: 80 | BA14: 80 | BC14: =IFERROR(AVERAGE(AZ14:BB14),"") -> 80 | BD14: 80 | BE14: 83 | BF14: 0 | BG14: 0 | BH14: =IFERROR(AVERAGE(BE14:BG14),"") -> 27.666667 | BI14: 83 | BJ14: 80 | BK14: 80 | BL14: 80 | BM14: =IFERROR(AVERAGE(BJ14:BL14),"") -> 80 | BN14: 80 | BO14: 79 | BP14: 78 | BQ14: 78 | BR14: =IFERROR(AVERAGE(BO14:BQ14),"") -> 78.333333 | BS14: 78 | BW14: =IFERROR(AVERAGE(BT14:BV14),"") | CB14: =IFERROR(AVERAGE(BY14:CA14),"") | CG14: =IFERROR(AVERAGE(CD14:CF14),"")
A15: =IFERROR(__xludf.DUMMYFUNCTION("""COMPUTED_VALUE"""),11.0) -> 11 | B15: =IFERROR(__xludf.DUMMYFUNCTION("""COMPUTED_VALUE"""),"2526100424") -> 2526100424 | C15: =IFERROR(__xludf.DUMMYFUNCTION("""COMPUTED_VALUE"""),"0095752965") -> 0095752965 | D15: =IFERROR(__xludf.DUMMYFUNCTION("""COMPUTED_VALUE"""),"IHSAN ABDULOH ") -> IHSAN ABDULOH | E15: =IFERROR(__xludf.DUMMYFUNCTION("""COMPUTED_VALUE"""),"X TO 4") -> X TO 4 | F15: Ganjil | G15: 80 | H15: 80 | J15: =IFERROR(AVERAGE(G15:I15),"") -> 80 | K15: 80 | L15: 85 | M15: 80 | O15: =IFERROR(AVERAGE(L15:N15),"") -> 82.5 | P15: 86 | Q15: 80 | R15: 80 | S15: 87 | T15: =IFERROR(AVERAGE(Q15:S15),"") -> 82.333333 | U15: 86 | V15: 92 | W15: 90 | Y15: =IFERROR(AVERAGE(V15:X15),"") -> 91 | Z15: 84 | AA15: 85 | AB15: 83 | AC15: 84 | AD15: =IFERROR(AVERAGE(AA15:AC15),"") -> 84 | AE15: 80 | AF15: 89 | AG15: 90 | AH15: 90 | AI15: =IFERROR(AVERAGE(AF15:AH15),"") -> 89.666667 | AJ15: 88 | AK15: 85 | AL15: 83 | AM15: 82 | AN15: =IFERROR(AVERAGE(AK15:AM15),"") -> 83.333333 | AO15: 86 | AP15: 77 | AQ15: =AP15 -> 77 | AR15: =AQ15 -> 77 | AS15: =IFERROR(AVERAGE(AP15:AR15),"") -> 77 | AT15: =AS15 -> 77 | AU15: 76 | AV15: 78 | AW15: 80 | AX15: =IFERROR(AVERAGE(AU15:AW15),"") -> 78 | AY15: 80 | AZ15: 80 | BA15: 80 | BC15: =IFERROR(AVERAGE(AZ15:BB15),"") -> 80 | BD15: 80 | BE15: 88 | BF15: 80 | BG15: 78 | BH15: =IFERROR(AVERAGE(BE15:BG15),"") -> 82 | BI15: 83 | BJ15: 84 | BK15: 85 | BL15: 85 | BM15: =IFERROR(AVERAGE(BJ15:BL15),"") -> 84.666667 | BN15: 85 | BO15: 79 | BP15: 78 | BQ15: 77 | BR15: =IFERROR(AVERAGE(BO15:BQ15),"") -> 78 | BS15: 78 | BW15: =IFERROR(AVERAGE(BT15:BV15),"") | CB15: =IFERROR(AVERAGE(BY15:CA15),"") | CG15: =IFERROR(AVERAGE(CD15:CF15),"")
A16: =IFERROR(__xludf.DUMMYFUNCTION("""COMPUTED_VALUE"""),12.0) -> 12 | B16: =IFERROR(__xludf.DUMMYFUNCTION("""COMPUTED_VALUE"""),"2526100425") -> 2526100425 | C16: =IFERROR(__xludf.DUMMYFUNCTION("""COMPUTED_VALUE"""),"0095318140") -> 0095318140 | D16: =IFERROR(__xludf.DUMMYFUNCTION("""COMPUTED_VALUE"""),"INDRA NURMAN") -> INDRA NURMAN | E16: =IFERROR(__xludf.DUMMYFUNCTION("""COMPUTED_VALUE"""),"X TO 4") -> X TO 4 | F16: Ganjil | G16: 80 | H16: 80 | J16: =IFERROR(AVERAGE(G16:I16),"") -> 80 | K16: 75 | L16: 85 | M16: 80 | O16: =IFERROR(AVERAGE(L16:N16),"") -> 82.5 | P16: 79 | Q16: 78 | R16: 80 | S16: 80 | T16: =IFERROR(AVERAGE(Q16:S16),"") -> 79.333333 | U16: 80 | V16: 75 | W16: 91 | Y16: =IFERROR(AVERAGE(V16:X16),"") -> 83 | Z16: 85 | AA16: 84 | AB16: 82 | AC16: 83 | AD16: =IFERROR(AVERAGE(AA16:AC16),"") -> 83 | AE16: 79 | AF16: 90 | AG16: 90 | AH16: 90 | AI16: =IFERROR(AVERAGE(AF16:AH16),"") -> 90 | AJ16: 89 | AK16: 84 | AL16: 85 | AM16: 82 | AN16: =IFERROR(AVERAGE(AK16:AM16),"") -> 83.666667 | AO16: 87 | AP16: 83 | AQ16: =AP16 -> 83 | AR16: =AQ16 -> 83 | AS16: =IFERROR(AVERAGE(AP16:AR16),"") -> 83 | AT16: =AS16 -> 83 | AU16: 76 | AV16: 76 | AW16: 78 | AX16: =IFERROR(AVERAGE(AU16:AW16),"") -> 76.666667 | AY16: 76 | AZ16: 80 | BA16: 80 | BC16: =IFERROR(AVERAGE(AZ16:BB16),"") -> 80 | BD16: 80 | BE16: 80 | BF16: 0 | BG16: 0 | BH16: =IFERROR(AVERAGE(BE16:BG16),"") -> 26.666667 | BI16: 82 | BJ16: 85 | BK16: 80 | BL16: 80 | BM16: =IFERROR(AVERAGE(BJ16:BL16),"") -> 81.666667 | BN16: 80 | BO16: 78 | BP16: 77 | BQ16: 78 | BR16: =IFERROR(AVERAGE(BO16:BQ16),"") -> 77.666667 | BS16: 77 | BW16: =IFERROR(AVERAGE(BT16:BV16),"") | CB16: =IFERROR(AVERAGE(BY16:CA16),"") | CG16: =IFERROR(AVERAGE(CD16:CF16),"")
A17: =IFERROR(__xludf.DUMMYFUNCTION("""COMPUTED_VALUE"""),13.0) -> 13 | B17: =IFERROR(__xludf.DUMMYFUNCTION("""COMPUTED_VALUE"""),"2526100426") -> 2526100426 | C17: =IFERROR(__xludf.DUMMYFUNCTION("""COMPUTED_VALUE"""),"3109448408") -> 3109448408 | D17: =IFERROR(__xludf.DUMMYFUNCTION("""COMPUTED_VALUE"""),"IWAN SOPYAN") -> IWAN SOPYAN | E17: =IFERROR(__xludf.DUMMYFUNCTION("""COMPUTED_VALUE"""),"X TO 4") -> X TO 4 | F17: Ganjil | G17: 80 | H17: 81 | J17: =IFERROR(AVERAGE(G17:I17),"") -> 80.5 | K17: 77 | L17: 85 | M17: 80 | O17: =IFERROR(AVERAGE(L17:N17),"") -> 82.5 | P17: 82 | Q17: 80 | R17: 85 | S17: 87 | T17: =IFERROR(AVERAGE(Q17:S17),"") -> 84 | U17: 86 | V17: 75 | W17: 86 | Y17: =IFERROR(AVERAGE(V17:X17),"") -> 80.5 | Z17: 85 | AA17: 84 | AB17: 82 | AC17: 83 | AD17: =IFERROR(AVERAGE(AA17:AC17),"") -> 83 | AE17: 79 | AF17: 90 | AG17: 88 | AH17: 90 | AI17: =IFERROR(AVERAGE(AF17:AH17),"") -> 89.333333 | AJ17: 89 | AK17: 84 | AL17: 85 | AM17: 81 | AN17: =IFERROR(AVERAGE(AK17:AM17),"") -> 83.333333 | AO17: 87 | AP17: 82 | AQ17: =AP17 -> 82 | AR17: =AQ17 -> 82 | AS17: =IFERROR(AVERAGE(AP17:AR17),"") -> 82 | AT17: =AS17 -> 82 | AU17: 76 | AV17: 78 | AW17: 80 | AX17: =IFERROR(AVERAGE(AU17:AW17),"") -> 78 | AY17: 80 | AZ17: 80 | BA17: 80 | BC17: =IFERROR(AVERAGE(AZ17:BB17),"") -> 80 | BD17: 80 | BE17: 82 | BF17: 0 | BG17: 0 | BH17: =IFERROR(AVERAGE(BE17:BG17),"") -> 27.333333 | BI17: 84 | BJ17: 85 | BK17: 80 | BL17: 80 | BM17: =IFERROR(AVERAGE(BJ17:BL17),"") -> 81.666667 | BN17: 80 | BO17: 79 | BP17: 80 | BQ17: 80 | BR17: =IFERROR(AVERAGE(BO17:BQ17),"") -> 79.666667 | BS17: 80 | BW17: =IFERROR(AVERAGE(BT17:BV17),"") | CB17: =IFERROR(AVERAGE(BY17:CA17),"") | CG17: =IFERROR(AVERAGE(CD17:CF17),"")
A18: =IFERROR(__xludf.DUMMYFUNCTION("""COMPUTED_VALUE"""),14.0) -> 14 | B18: =IFERROR(__xludf.DUMMYFUNCTION("""COMPUTED_VALUE"""),"2526100427") -> 2526100427 | C18: =IFERROR(__xludf.DUMMYFUNCTION("""COMPUTED_VALUE"""),"0097319943") -> 0097319943 | D18: =IFERROR(__xludf.DUMMYFUNCTION("""COMPUTED_VALUE"""),"JEJEN JAENI") -> JEJEN JAENI | E18: =IFERROR(__xludf.DUMMYFUNCTION("""COMPUTED_VALUE"""),"X TO 4") -> X TO 4 | F18: Ganjil | G18: 80 | H18: 81 | J18: =IFERROR(AVERAGE(G18:I18),"") -> 80.5 | K18: 80 | L18: 85 | M18: 80 | O18: =IFERROR(AVERAGE(L18:N18),"") -> 82.5 | P18: 83 | Q18: 80 | R18: 80 | S18: 86 | T18: =IFERROR(AVERAGE(Q18:S18),"") -> 82 | U18: 86 | V18: 90 | W18: 93 | Y18: =IFERROR(AVERAGE(V18:X18),"") -> 91.5 | Z18: 78 | AA18: 84 | AB18: 82 | AC18: 83 | AD18: =IFERROR(AVERAGE(AA18:AC18),"") -> 83 | AE18: 79 | AF18: 90 | AG18: 89 | AH18: 88 | AI18: =IFERROR(AVERAGE(AF18:AH18),"") -> 89 | AJ18: 88 | AK18: 84 | AL18: 84 | AM18: 81 | AN18: =IFERROR(AVERAGE(AK18:AM18),"") -> 83 | AO18: 86 | AP18: 83 | AQ18: =AP18 -> 83 | AR18: =AQ18 -> 83 | AS18: =IFERROR(AVERAGE(AP18:AR18),"") -> 83 | AT18: =AS18 -> 83 | AU18: 76 | AV18: 79 | AW18: 80 | AX18: =IFERROR(AVERAGE(AU18:AW18),"") -> 78.333333 | AY18: 80 | AZ18: 80 | BA18: 80 | BC18: =IFERROR(AVERAGE(AZ18:BB18),"") -> 80 | BD18: 80 | BE18: 83 | BF18: 80 | BG18: 82 | BH18: =IFERROR(AVERAGE(BE18:BG18),"") -> 81.666667 | BI18: 84 | BJ18: 85 | BK18: 85 | BL18: 85 | BM18: =IFERROR(AVERAGE(BJ18:BL18),"") -> 85 | BN18: 85 | BO18: 78 | BP18: 77 | BQ18: 78 | BR18: =IFERROR(AVERAGE(BO18:BQ18),"") -> 77.666667 | BS18: 78 | BW18: =IFERROR(AVERAGE(BT18:BV18),"") | CB18: =IFERROR(AVERAGE(BY18:CA18),"") | CG18: =IFERROR(AVERAGE(CD18:CF18),"")
A19: =IFERROR(__xludf.DUMMYFUNCTION("""COMPUTED_VALUE"""),15.0) -> 15 | B19: =IFERROR(__xludf.DUMMYFUNCTION("""COMPUTED_VALUE"""),"2526100428") -> 2526100428 | C19: =IFERROR(__xludf.DUMMYFUNCTION("""COMPUTED_VALUE"""),"0093753099") -> 0093753099 | D19: =IFERROR(__xludf.DUMMYFUNCTION("""COMPUTED_VALUE"""),"M.HASAN ASARI") -> M.HASAN ASARI | E19: =IFERROR(__xludf.DUMMYFUNCTION("""COMPUTED_VALUE"""),"X TO 4") -> X TO 4 | F19: Ganjil | G19: 82 | H19: 83 | J19: =IFERROR(AVERAGE(G19:I19),"") -> 82.5 | K19: 80 | L19: 85 | M19: 80 | O19: =IFERROR(AVERAGE(L19:N19),"") -> 82.5 | P19: 80 | Q19: 80 | R19: 80 | S19: 86 | T19: =IFERROR(AVERAGE(Q19:S19),"") -> 82 | U19: 86 | V19: 75 | W19: 95 | Y19: =IFERROR(AVERAGE(V19:X19),"") -> 85 | Z19: 86 | AA19: 85 | AB19: 83 | AC19: 84 | AD19: =IFERROR(AVERAGE(AA19:AC19),"") -> 84 | AE19: 80 | AF19: 90 | AG19: 90 | AH19: 89 | AI19: =IFERROR(AVERAGE(AF19:AH19),"") -> 89.666667 | AJ19: 89 | AK19: 85 | AL19: 83 | AM19: 82 | AN19: =IFERROR(AVERAGE(AK19:AM19),"") -> 83.333333 | AO19: 87 | AP19: 83 | AQ19: =AP19 -> 83 | AR19: =AQ19 -> 83 | AS19: =IFERROR(AVERAGE(AP19:AR19),"") -> 83 | AT19: =AS19 -> 83 | AU19: 77 | AV19: 76 | AW19: 78 | AX19: =IFERROR(AVERAGE(AU19:AW19),"") -> 77 | AY19: 78 | AZ19: 80 | BA19: 80 | BC19: =IFERROR(AVERAGE(AZ19:BB19),"") -> 80 | BD19: 80 | BE19: 87 | BF19: 80 | BG19: 82 | BH19: =IFERROR(AVERAGE(BE19:BG19),"") -> 83 | BI19: 82 | BJ19: 80 | BK19: 80 | BL19: 80 | BM19: =IFERROR(AVERAGE(BJ19:BL19),"") -> 80 | BN19: 80 | BO19: 79 | BP19: 77 | BQ19: 78 | BR19: =IFERROR(AVERAGE(BO19:BQ19),"") -> 78 | BS19: 78 | BW19: =IFERROR(AVERAGE(BT19:BV19),"") | CB19: =IFERROR(AVERAGE(BY19:CA19),"") | CG19: =IFERROR(AVERAGE(CD19:CF19),"")
A20: =IFERROR(__xludf.DUMMYFUNCTION("""COMPUTED_VALUE"""),16.0) -> 16 | B20: =IFERROR(__xludf.DUMMYFUNCTION("""COMPUTED_VALUE"""),"2526100429") -> 2526100429 | C20: =IFERROR(__xludf.DUMMYFUNCTION("""COMPUTED_VALUE"""),"0105910447") -> 0105910447 | D20: =IFERROR(__xludf.DUMMYFUNCTION("""COMPUTED_VALUE"""),"MUHAMAD ABIB RIZAL") -> MUHAMAD ABIB RIZAL | E20: =IFERROR(__xludf.DUMMYFUNCTION("""COMPUTED_VALUE"""),"X TO 4") -> X TO 4 | F20: Ganjil | G20: 80 | H20: 79 | J20: =IFERROR(AVERAGE(G20:I20),"") -> 79.5 | K20: 75 | L20: 85 | M20: 80 | O20: =IFERROR(AVERAGE(L20:N20),"") -> 82.5 | P20: 78 | Q20: 80 | R20: 80 | S20: 80 | T20: =IFERROR(AVERAGE(Q20:S20),"") -> 80 | U20: 85 | V20: 75 | W20: 83 | Y20: =IFERROR(AVERAGE(V20:X20),"") -> 79 | Z20: 85 | AA20: 81 | AB20: 79 | AC20: 80 | AD20: =IFERROR(AVERAGE(AA20:AC20),"") -> 80 | AE20: 76 | AF20: 90 | AG20: 89 | AH20: 90 | AI20: =IFERROR(AVERAGE(AF20:AH20),"") -> 89.666667 | AJ20: 90 | AK20: 81 | AL20: 81 | AM20: 79 | AN20: =IFERROR(AVERAGE(AK20:AM20),"") -> 80.333333 | AO20: 73 | AP20: 72 | AQ20: =AP20 -> 72 | AR20: =AQ20 -> 72 | AS20: =IFERROR(AVERAGE(AP20:AR20),"") -> 72 | AT20: =AS20 -> 72 | AU20: 74 | AV20: 72 | AW20: 74 | AX20: =IFERROR(AVERAGE(AU20:AW20),"") -> 73.333333 | AY20: 74 | AZ20: 80 | BA20: 80 | BC20: =IFERROR(AVERAGE(AZ20:BB20),"") -> 80 | BD20: 80 | BE20: 0 | BF20: 0 | BG20: 0 | BH20: =IFERROR(AVERAGE(BE20:BG20),"") -> 0 | BI20: 75 | BJ20: 79 | BK20: 80 | BL20: 80 | BM20: =IFERROR(AVERAGE(BJ20:BL20),"") -> 79.666667 | BN20: 80 | BO20: 78 | BP20: 78 | BQ20: 78 | BR20: =IFERROR(AVERAGE(BO20:BQ20),"") -> 78 | BS20: 78 | BW20: =IFERROR(AVERAGE(BT20:BV20),"") | CB20: =IFERROR(AVERAGE(BY20:CA20),"") | CG20: =IFERROR(AVERAGE(CD20:CF20),"")
A21: =IFERROR(__xludf.DUMMYFUNCTION("""COMPUTED_VALUE"""),17.0) -> 17 | B21: =IFERROR(__xludf.DUMMYFUNCTION("""COMPUTED_VALUE"""),"2526100430") -> 2526100430 | C21: =IFERROR(__xludf.DUMMYFUNCTION("""COMPUTED_VALUE"""),"0099084784") -> 0099084784 | D21: =IFERROR(__xludf.DUMMYFUNCTION("""COMPUTED_VALUE"""),"MUHAMAD AL FARIZ") -> MUHAMAD AL FARIZ | E21: =IFERROR(__xludf.DUMMYFUNCTION("""COMPUTED_VALUE"""),"X TO 4") -> X TO 4 | F21: Ganjil | G21: 80 | H21: 79 | J21: =IFERROR(AVERAGE(G21:I21),"") -> 79.5 | K21: 75 | L21: 85 | M21: 80 | O21: =IFERROR(AVERAGE(L21:N21),"") -> 82.5 | P21: 82 | Q21: 85 | R21: 87 | S21: 89 | T21: =IFERROR(AVERAGE(Q21:S21),"") -> 87 | U21: 89 | V21: 98 | W21: 98 | Y21: =IFERROR(AVERAGE(V21:X21),"") -> 98 | Z21: 87 | AA21: 86 | AB21: 84 | AC21: 85 | AD21: =IFERROR(AVERAGE(AA21:AC21),"") -> 85 | AE21: 81 | AF21: 90 | AG21: 90 | AH21: 89 | AI21: =IFERROR(AVERAGE(AF21:AH21),"") -> 89.666667 | AJ21: 90 | AK21: 86 | AL21: 85 | AM21: 84 | AN21: =IFERROR(AVERAGE(AK21:AM21),"") -> 85 | AO21: 86 | AP21: 72 | AQ21: =AP21 -> 72 | AR21: =AQ21 -> 72 | AS21: =IFERROR(AVERAGE(AP21:AR21),"") -> 72 | AT21: =AS21 -> 72 | AU21: 76 | AV21: 76 | AW21: 72 | AX21: =IFERROR(AVERAGE(AU21:AW21),"") -> 74.666667 | AY21: 78 | AZ21: 80 | BA21: 80 | BC21: =IFERROR(AVERAGE(AZ21:BB21),"") -> 80 | BD21: 80 | BE21: 80 | BF21: 0 | BG21: 0 | BH21: =IFERROR(AVERAGE(BE21:BG21),"") -> 26.666667 | BI21: 83 | BJ21: 83 | BK21: 80 | BL21: 80 | BM21: =IFERROR(AVERAGE(BJ21:BL21),"") -> 81 | BN21: 80 | BO21: 79 | BP21: 80 | BQ21: 79 | BR21: =IFERROR(AVERAGE(BO21:BQ21),"") -> 79.333333 | BS21: 79 | BW21: =IFERROR(AVERAGE(BT21:BV21),"") | CB21: =IFERROR(AVERAGE(BY21:CA21),"") | CG21: =IFERROR(AVERAGE(CD21:CF21),"")
A22: =IFERROR(__xludf.DUMMYFUNCTION("""COMPUTED_VALUE"""),18.0) -> 18 | B22: =IFERROR(__xludf.DUMMYFUNCTION("""COMPUTED_VALUE"""),"2526100431") -> 2526100431 | C22: =IFERROR(__xludf.DUMMYFUNCTION("""COMPUTED_VALUE"""),"0092469837") -> 0092469837 | D22: =IFERROR(__xludf.DUMMYFUNCTION("""COMPUTED_VALUE"""),"MUHAMAD ASRUL") -> MUHAMAD ASRUL | E22: =IFERROR(__xludf.DUMMYFUNCTION("""COMPUTED_VALUE"""),"X TO 4") -> X TO 4 | F22: Ganjil | G22: 80 | H22: 82 | J22: =IFERROR(AVERAGE(G22:I22),"") -> 81 | K22: 80 | L22: 85 | M22: 80 | O22: =IFERROR(AVERAGE(L22:N22),"") -> 82.5 | P22: 83 | Q22: 85 | R22: 87 | S22: 86 | T22: =IFERROR(AVERAGE(Q22:S22),"") -> 86 | U22: 85 | V22: 92 | W22: 98 | Y22: =IFERROR(AVERAGE(V22:X22),"") -> 95 | Z22: 80 | AA22: 87 | AB22: 85 | AC22: 86 | AD22: =IFERROR(AVERAGE(AA22:AC22),"") -> 86 | AE22: 82 | AF22: 88 | AG22: 90 | AH22: 90 | AI22: =IFERROR(AVERAGE(AF22:AH22),"") -> 89.333333 | AJ22: 90 | AK22: 87 | AL22: 86 | AM22: 86 | AN22: =IFERROR(AVERAGE(AK22:AM22),"") -> 86.333333 | AO22: 87 | AP22: 84 | AQ22: =AP22 -> 84 | AR22: =AQ22 -> 84 | AS22: =IFERROR(AVERAGE(AP22:AR22),"") -> 84 | AT22: =AS22 -> 84 | AU22: 74 | AV22: 76 | AW22: 80 | AX22: =IFERROR(AVERAGE(AU22:AW22),"") -> 76.666667 | AY22: 76 | AZ22: 80 | BA22: 80 | BC22: =IFERROR(AVERAGE(AZ22:BB22),"") -> 80 | BD22: 80 | BE22: 81 | BF22: 0 | BG22: 0 | BH22: =IFERROR(AVERAGE(BE22:BG22),"") -> 27 | BI22: 85 | BJ22: 85 | BK22: 85 | BL22: 85 | BM22: =IFERROR(AVERAGE(BJ22:BL22),"") -> 85 | BN22: 85 | BO22: 77 | BP22: 78 | BQ22: 78 | BR22: =IFERROR(AVERAGE(BO22:BQ22),"") -> 77.666667 | BS22: 78 | BW22: =IFERROR(AVERAGE(BT22:BV22),"") | CB22: =IFERROR(AVERAGE(BY22:CA22),"") | CG22: =IFERROR(AVERAGE(CD22:CF22),"")
A23: =IFERROR(__xludf.DUMMYFUNCTION("""COMPUTED_VALUE"""),19.0) -> 19 | B23: =IFERROR(__xludf.DUMMYFUNCTION("""COMPUTED_VALUE"""),"2526100432") -> 2526100432 | C23: =IFERROR(__xludf.DUMMYFUNCTION("""COMPUTED_VALUE"""),"0099940282") -> 0099940282 | D23: =IFERROR(__xludf.DUMMYFUNCTION("""COMPUTED_VALUE"""),"MUHAMAD FARHAN") -> MUHAMAD FARHAN | E23: =IFERROR(__xludf.DUMMYFUNCTION("""COMPUTED_VALUE"""),"X TO 4") -> X TO 4 | F23: Ganjil | G23: 83 | H23: 83 | J23: =IFERROR(AVERAGE(G23:I23),"") -> 83 | K23: 82 | L23: 85 | M23: 80 | O23: =IFERROR(AVERAGE(L23:N23),"") -> 82.5 | P23: 80 | Q23: 85 | R23: 87 | S23: 87 | T23: =IFERROR(AVERAGE(Q23:S23),"") -> 86.333333 | U23: 87 | V23: 75 | W23: 83 | Y23: =IFERROR(AVERAGE(V23:X23),"") -> 79 | Z23: 86 | AA23: 86 | AB23: 84 | AC23: 85 | AD23: =IFERROR(AVERAGE(AA23:AC23),"") -> 85 | AE23: 81 | AF23: 89 | AG23: 89 | AH23: 89 | AI23: =IFERROR(AVERAGE(AF23:AH23),"") -> 89 | AJ23: 90 | AK23: 86 | AL23: 85 | AM23: 85 | AN23: =IFERROR(AVERAGE(AK23:AM23),"") -> 85.333333 | AO23: 86 | AP23: 82 | AQ23: =AP23 -> 82 | AR23: =AQ23 -> 82 | AS23: =IFERROR(AVERAGE(AP23:AR23),"") -> 82 | AT23: =AS23 -> 82 | AU23: 74 | AV23: 76 | AW23: 80 | AX23: =IFERROR(AVERAGE(AU23:AW23),"") -> 76.666667 | AY23: 76 | AZ23: 80 | BA23: 80 | BC23: =IFERROR(AVERAGE(AZ23:BB23),"") -> 80 | BD23: 80 | BE23: 83 | BF23: 78 | BG23: 79 | BH23: =IFERROR(AVERAGE(BE23:BG23),"") -> 80 | BI23: 85 | BJ23: 85 | BK23: 80 | BL23: 80 | BM23: =IFERROR(AVERAGE(BJ23:BL23),"") -> 81.666667 | BN23: 80 | BO23: 78 | BP23: 78 | BQ23: 77 | BR23: =IFERROR(AVERAGE(BO23:BQ23),"") -> 77.666667 | BS23: 77 | BW23: =IFERROR(AVERAGE(BT23:BV23),"") | CB23: =IFERROR(AVERAGE(BY23:CA23),"") | CG23: =IFERROR(AVERAGE(CD23:CF23),"")
A24: =IFERROR(__xludf.DUMMYFUNCTION("""COMPUTED_VALUE"""),20.0) -> 20 | B24: =IFERROR(__xludf.DUMMYFUNCTION("""COMPUTED_VALUE"""),"2526100433") -> 2526100433 | C24: =IFERROR(__xludf.DUMMYFUNCTION("""COMPUTED_VALUE"""),"0088633294") -> 0088633294 | D24: =IFERROR(__xludf.DUMMYFUNCTION("""COMPUTED_VALUE"""),"MUHAMAD MIFTAH NASHIRUDIN") -> MUHAMAD MIFTAH NASHIRUDIN | E24: =IFERROR(__xludf.DUMMYFUNCTION("""COMPUTED_VALUE"""),"X TO 4") -> X TO 4 | F24: Ganjil | G24: 78 | H24: 79 | J24: =IFERROR(AVERAGE(G24:I24),"") -> 78.5 | K24: 77 | L24: 85 | M24: 80 | O24: =IFERROR(AVERAGE(L24:N24),"") -> 82.5 | P24: 84 | Q24: 80 | R24: 85 | S24: 85 | T24: =IFERROR(AVERAGE(Q24:S24),"") -> 83.333333 | U24: 86 | V24: 75 | W24: 82 | Y24: =IFERROR(AVERAGE(V24:X24),"") -> 78.5 | Z24: 75 | AA24: 82 | AB24: 80 | AC24: 81 | AD24: =IFERROR(AVERAGE(AA24:AC24),"") -> 81 | AE24: 77 | AF24: 88 | AG24: 90 | AH24: 90 | AI24: =IFERROR(AVERAGE(AF24:AH24),"") -> 89.333333 | AJ24: 89 | AK24: 82 | AL24: 81 | AM24: 81 | AN24: =IFERROR(AVERAGE(AK24:AM24),"") -> 81.333333 | AO24: 78 | AP24: 72 | AQ24: =AP24 -> 72 | AR24: =AQ24 -> 72 | AS24: =IFERROR(AVERAGE(AP24:AR24),"") -> 72 | AT24: =AS24 -> 72 | AU24: 74 | AV24: 76 | AW24: 80 | AX24: =IFERROR(AVERAGE(AU24:AW24),"") -> 76.666667 | AY24: 76 | AZ24: 80 | BA24: 80 | BC24: =IFERROR(AVERAGE(AZ24:BB24),"") -> 80 | BD24: 80 | BE24: 83 | BF24: 80 | BG24: 80 | BH24: =IFERROR(AVERAGE(BE24:BG24),"") -> 81 | BI24: 85 | BJ24: 82 | BK24: 80 | BL24: 80 | BM24: =IFERROR(AVERAGE(BJ24:BL24),"") -> 80.666667 | BN24: 80 | BO24: 79 | BP24: 80 | BQ24: 79 | BR24: =IFERROR(AVERAGE(BO24:BQ24),"") -> 79.333333 | BS24: 79 | BW24: =IFERROR(AVERAGE(BT24:BV24),"") | CB24: =IFERROR(AVERAGE(BY24:CA24),"") | CG24: =IFERROR(AVERAGE(CD24:CF24),"")
A25: =IFERROR(__xludf.DUMMYFUNCTION("""COMPUTED_VALUE"""),21.0) -> 21 | B25: =IFERROR(__xludf.DUMMYFUNCTION("""COMPUTED_VALUE"""),"2526100434") -> 2526100434 | C25: =IFERROR(__xludf.DUMMYFUNCTION("""COMPUTED_VALUE"""),"0094805329") -> 0094805329 | D25: =IFERROR(__xludf.DUMMYFUNCTION("""COMPUTED_VALUE"""),"MUHAMAD NUR KHOLIS ROMDONI") -> MUHAMAD NUR KHOLIS ROMDONI | E25: =IFERROR(__xludf.DUMMYFUNCTION("""COMPUTED_VALUE"""),"X TO 4") -> X TO 4 | F25: Ganjil | G25: 77 | H25: 78 | J25: =IFERROR(AVERAGE(G25:I25),"") -> 77.5 | K25: 77 | L25: 85 | M25: 80 | O25: =IFERROR(AVERAGE(L25:N25),"") -> 82.5 | P25: 80 | Q25: 80 | R25: 80 | S25: 85 | T25: =IFERROR(AVERAGE(Q25:S25),"") -> 81.666667 | U25: 86 | V25: 75 | W25: 86 | Y25: =IFERROR(AVERAGE(V25:X25),"") -> 80.5 | Z25: 84 | AA25: 0 | AB25: 0 | AC25: 0 | AD25: =IFERROR(AVERAGE(AA25:AC25),"") -> 0 | AE25: 0 | AF25: 88 | AG25: 89 | AH25: 90 | AI25: =IFERROR(AVERAGE(AF25:AH25),"") -> 89 | AJ25: 90 | AK25: 0 | AL25: 0 | AM25: 20 | AN25: =IFERROR(AVERAGE(AK25:AM25),"") -> 6.6666667 | AO25: 0 | AP25: 72 | AQ25: =AP25 -> 72 | AR25: =AQ25 -> 72 | AS25: =IFERROR(AVERAGE(AP25:AR25),"") -> 72 | AT25: =AS25 -> 72 | AU25: 78 | AV25: 75 | AW25: 75 | AX25: =IFERROR(AVERAGE(AU25:AW25),"") -> 76 | AY25: 76 | AZ25: 80 | BA25: 80 | BC25: =IFERROR(AVERAGE(AZ25:BB25),"") -> 80 | BD25: 80 | BE25: 0 | BF25: 0 | BG25: 0 | BH25: =IFERROR(AVERAGE(BE25:BG25),"") -> 0 | BI25: 77 | BJ25: 80 | BK25: 80 | BL25: 80 | BM25: =IFERROR(AVERAGE(BJ25:BL25),"") -> 80 | BN25: 80 | BO25: 78 | BP25: 77 | BQ25: 78 | BR25: =IFERROR(AVERAGE(BO25:BQ25),"") -> 77.666667 | BS25: 77 | BW25: =IFERROR(AVERAGE(BT25:BV25),"") | CB25: =IFERROR(AVERAGE(BY25:CA25),"") | CG25: =IFERROR(AVERAGE(CD25:CF25),"")
A26: =IFERROR(__xludf.DUMMYFUNCTION("""COMPUTED_VALUE"""),22.0) -> 22 | B26: =IFERROR(__xludf.DUMMYFUNCTION("""COMPUTED_VALUE"""),"2526100435") -> 2526100435 | C26: =IFERROR(__xludf.DUMMYFUNCTION("""COMPUTED_VALUE"""),"0098562523") -> 0098562523 | D26: =IFERROR(__xludf.DUMMYFUNCTION("""COMPUTED_VALUE"""),"MUHAMAD RIDWAN") -> MUHAMAD RIDWAN | E26: =IFERROR(__xludf.DUMMYFUNCTION("""COMPUTED_VALUE"""),"X TO 4") -> X TO 4 | F26: Ganjil | G26: 79 | H26: 80 | J26: =IFERROR(AVERAGE(G26:I26),"") -> 79.5 | K26: 77 | L26: 85 | M26: 80 | O26: =IFERROR(AVERAGE(L26:N26),"") -> 82.5 | P26: 82 | Q26: 80 | R26: 87 | S26: 80 | T26: =IFERROR(AVERAGE(Q26:S26),"") -> 82.333333 | U26: 86 | V26: 80 | W26: 89 | Y26: =IFERROR(AVERAGE(V26:X26),"") -> 84.5 | Z26: 90 | AA26: 85 | AB26: 83 | AC26: 84 | AD26: =IFERROR(AVERAGE(AA26:AC26),"") -> 84 | AE26: 80 | AF26: 90 | AG26: 90 | AH26: 90 | AI26: =IFERROR(AVERAGE(AF26:AH26),"") -> 90 | AJ26: 90 | AK26: 85 | AL26: 84 | AM26: 80 | AN26: =IFERROR(AVERAGE(AK26:AM26),"") -> 83 | AO26: 86 | AP26: 72 | AQ26: =AP26 -> 72 | AR26: =AQ26 -> 72 | AS26: =IFERROR(AVERAGE(AP26:AR26),"") -> 72 | AT26: =AS26 -> 72 | AU26: 75 | AV26: 76 | AW26: 77 | AX26: =IFERROR(AVERAGE(AU26:AW26),"") -> 76 | AY26: 77 | AZ26: 80 | BA26: 80 | BC26: =IFERROR(AVERAGE(AZ26:BB26),"") -> 80 | BD26: 80 | BE26: 81 | BF26: 0 | BG26: 0 | BH26: =IFERROR(AVERAGE(BE26:BG26),"") -> 27 | BI26: 78 | BJ26: 80 | BK26: 80 | BL26: 80 | BM26: =IFERROR(AVERAGE(BJ26:BL26),"") -> 80 | BN26: 80 | BO26: 78 | BP26: 77 | BQ26: 78 | BR26: =IFERROR(AVERAGE(BO26:BQ26),"") -> 77.666667 | BS26: 78 | BW26: =IFERROR(AVERAGE(BT26:BV26),"") | CB26: =IFERROR(AVERAGE(BY26:CA26),"") | CG26: =IFERROR(AVERAGE(CD26:CF26),"")
A27: =IFERROR(__xludf.DUMMYFUNCTION("""COMPUTED_VALUE"""),23.0) -> 23 | B27: =IFERROR(__xludf.DUMMYFUNCTION("""COMPUTED_VALUE"""),"2526100436") -> 2526100436 | C27: =IFERROR(__xludf.DUMMYFUNCTION("""COMPUTED_VALUE"""),"0095384573") -> 0095384573 | D27: =IFERROR(__xludf.DUMMYFUNCTION("""COMPUTED_VALUE"""),"MUHAMAD RUDI RIVIANSYAH") -> MUHAMAD RUDI RIVIANSYAH | E27: =IFERROR(__xludf.DUMMYFUNCTION("""COMPUTED_VALUE"""),"X TO 4") -> X TO 4 | F27: Ganjil | G27: 80 | H27: 81 | J27: =IFERROR(AVERAGE(G27:I27),"") -> 80.5 | K27: 77 | L27: 85 | M27: 80 | O27: =IFERROR(AVERAGE(L27:N27),"") -> 82.5 | P27: 84 | Q27: 85 | R27: 87 | S27: 87 | T27: =IFERROR(AVERAGE(Q27:S27),"") -> 86.333333 | U27: 87 | V27: 80 | W27: 92 | Y27: =IFERROR(AVERAGE(V27:X27),"") -> 86 | Z27: 90 | AA27: 84 | AB27: 82 | AC27: 83 | AD27: =IFERROR(AVERAGE(AA27:AC27),"") -> 83 | AE27: 79 | AF27: 90 | AG27: 90 | AH27: 90 | AI27: =IFERROR(AVERAGE(AF27:AH27),"") -> 90 | AJ27: 88 | AK27: 84 | AL27: 84 | AM27: 83 | AN27: =IFERROR(AVERAGE(AK27:AM27),"") -> 83.666667 | AO27: 85 | AP27: 83 | AQ27: =AP27 -> 83 | AR27: =AQ27 -> 83 | AS27: =IFERROR(AVERAGE(AP27:AR27),"") -> 83 | AT27: =AS27 -> 83 | AU27: 76 | AV27: 78 | AW27: 80 | AX27: =IFERROR(AVERAGE(AU27:AW27),"") -> 78 | AY27: 80 | AZ27: 80 | BA27: 80 | BC27: =IFERROR(AVERAGE(AZ27:BB27),"") -> 80 | BD27: 80 | BE27: 87 | BF27: 85 | BG27: 82 | BH27: =IFERROR(AVERAGE(BE27:BG27),"") -> 84.666667 | BI27: 87 | BJ27: 85 | BK27: 80 | BL27: 80 | BM27: =IFERROR(AVERAGE(BJ27:BL27),"") -> 81.666667 | BN27: 80 | BO27: 79 | BP27: 80 | BQ27: 80 | BR27: =IFERROR(AVERAGE(BO27:BQ27),"") -> 79.666667 | BS27: 80 | BW27: =IFERROR(AVERAGE(BT27:BV27),"") | CB27: =IFERROR(AVERAGE(BY27:CA27),"") | CG27: =IFERROR(AVERAGE(CD27:CF27),"")
A28: =IFERROR(__xludf.DUMMYFUNCTION("""COMPUTED_VALUE"""),24.0) -> 24 | B28: =IFERROR(__xludf.DUMMYFUNCTION("""COMPUTED_VALUE"""),"2526100437") -> 2526100437 | C28: =IFERROR(__xludf.DUMMYFUNCTION("""COMPUTED_VALUE"""),"3098503903") -> 3098503903 | D28: =IFERROR(__xludf.DUMMYFUNCTION("""COMPUTED_VALUE"""),"MUHAMAD SALMAN") -> MUHAMAD SALMAN | E28: =IFERROR(__xludf.DUMMYFUNCTION("""COMPUTED_VALUE"""),"X TO 4") -> X TO 4 | F28: Ganjil | G28: 80 | H28: 79 | J28: =IFERROR(AVERAGE(G28:I28),"") -> 79.5 | K28: 75 | L28: 85 | M28: 80 | O28: =IFERROR(AVERAGE(L28:N28),"") -> 82.5 | P28: 79 | Q28: 78 | R28: 78 | S28: 80 | T28: =IFERROR(AVERAGE(Q28:S28),"") -> 78.666667 | U28: 85 | V28: 95 | W28: 92 | Y28: =IFERROR(AVERAGE(V28:X28),"") -> 93.5 | Z28: 84 | AA28: 75 | AB28: 73 | AC28: 74 | AD28: =IFERROR(AVERAGE(AA28:AC28),"") -> 74 | AE28: 70 | AF28: 90 | AG28: 90 | AH28: 90 | AI28: =IFERROR(AVERAGE(AF28:AH28),"") -> 90 | AJ28: 89 | AK28: 75 | AL28: 75 | AM28: 74 | AN28: =IFERROR(AVERAGE(AK28:AM28),"") -> 74.666667 | AO28: 71 | AP28: 72 | AQ28: =AP28 -> 72 | AR28: =AQ28 -> 72 | AS28: =IFERROR(AVERAGE(AP28:AR28),"") -> 72 | AT28: =AS28 -> 72 | AU28: 74 | AV28: 74 | AW28: 74 | AX28: =IFERROR(AVERAGE(AU28:AW28),"") -> 74 | AY28: 74 | AZ28: 80 | BA28: 80 | BC28: =IFERROR(AVERAGE(AZ28:BB28),"") -> 80 | BD28: 80 | BE28: 80 | BF28: 0 | BG28: 0 | BH28: =IFERROR(AVERAGE(BE28:BG28),"") -> 26.666667 | BI28: 85 | BJ28: 85 | BK28: 78 | BL28: 78 | BM28: =IFERROR(AVERAGE(BJ28:BL28),"") -> 80.333333 | BN28: 78 | BO28: 79 | BP28: 80 | BQ28: 79 | BR28: =IFERROR(AVERAGE(BO28:BQ28),"") -> 79.333333 | BS28: 80 | BW28: =IFERROR(AVERAGE(BT28:BV28),"") | CB28: =IFERROR(AVERAGE(BY28:CA28),"") | CG28: =IFERROR(AVERAGE(CD28:CF28),"")
A29: =IFERROR(__xludf.DUMMYFUNCTION("""COMPUTED_VALUE"""),25.0) -> 25 | B29: =IFERROR(__xludf.DUMMYFUNCTION("""COMPUTED_VALUE"""),"2526100438") -> 2526100438 | C29: =IFERROR(__xludf.DUMMYFUNCTION("""COMPUTED_VALUE"""),"0096750607") -> 0096750607 | D29: =IFERROR(__xludf.DUMMYFUNCTION("""COMPUTED_VALUE"""),"MUHAMAD SUTIAWAN ALI") -> MUHAMAD SUTIAWAN ALI | E29: =IFERROR(__xludf.DUMMYFUNCTION("""COMPUTED_VALUE"""),"X TO 4") -> X TO 4 | F29: Ganjil | J29: =IFERROR(AVERAGE(G29:I29),"") | O29: =IFERROR(AVERAGE(L29:N29),"") | T29: =IFERROR(AVERAGE(Q29:S29),"") | U29: 0 | V29: 75 | W29: 75 | Y29: =IFERROR(AVERAGE(V29:X29),"") -> 75 | Z29: 75 | AA29: 0 | AB29: 0 | AC29: 0 | AD29: =IFERROR(AVERAGE(AA29:AC29),"") -> 0 | AE29: 0 | AF29: 90 | AG29: 90 | AH29: 90 | AI29: =IFERROR(AVERAGE(AF29:AH29),"") -> 90 | AJ29: 89 | AK29: 0 | AL29: 0 | AM29: 0 | AN29: =IFERROR(AVERAGE(AK29:AM29),"") -> 0 | AO29: 0 | AP29: 72 | AQ29: =AP29 -> 72 | AR29: =AQ29 -> 72 | AS29: =IFERROR(AVERAGE(AP29:AR29),"") -> 72 | AT29: =AS29 -> 72 | AU29: 72 | AV29: 72 | AW29: 72 | AX29: =IFERROR(AVERAGE(AU29:AW29),"") -> 72 | AY29: 72 | AZ29: 80 | BA29: 80 | BC29: =IFERROR(AVERAGE(AZ29:BB29),"") -> 80 | BD29: 80 | BE29: 83 | BF29: 0 | BG29: 0 | BH29: =IFERROR(AVERAGE(BE29:BG29),"") -> 27.666667 | BI29: 0 | BJ29: 50 | BK29: 50 | BL29: 50 | BM29: =IFERROR(AVERAGE(BJ29:BL29),"") -> 50 | BN29: 50 | BO29: 45 | BP29: 50 | BQ29: 45 | BR29: =IFERROR(AVERAGE(BO29:BQ29),"") -> 46.666667 | BS29: 0 | BW29: =IFERROR(AVERAGE(BT29:BV29),"") | CB29: =IFERROR(AVERAGE(BY29:CA29),"") | CG29: =IFERROR(AVERAGE(CD29:CF29),"")
A30: =IFERROR(__xludf.DUMMYFUNCTION("""COMPUTED_VALUE"""),26.0) -> 26 | B30: =IFERROR(__xludf.DUMMYFUNCTION("""COMPUTED_VALUE"""),"2526100439") -> 2526100439 | C30: =IFERROR(__xludf.DUMMYFUNCTION("""COMPUTED_VALUE"""),"0094990767") -> 0094990767 | D30: =IFERROR(__xludf.DUMMYFUNCTION("""COMPUTED_VALUE"""),"MUHAMMAD FAHRI MAULANA") -> MUHAMMAD FAHRI MAULANA | E30: =IFERROR(__xludf.DUMMYFUNCTION("""COMPUTED_VALUE"""),"X TO 4") -> X TO 4 | F30: Ganjil | G30: 78 | H30: 78 | J30: =IFERROR(AVERAGE(G30:I30),"") -> 78 | K30: 75 | L30: 85 | M30: 80 | O30: =IFERROR(AVERAGE(L30:N30),"") -> 82.5 | P30: 81 | Q30: 76 | R30: 78 | S30: 80 | T30: =IFERROR(AVERAGE(Q30:S30),"") -> 78 | U30: 80 | V30: 80 | W30: 96 | Y30: =IFERROR(AVERAGE(V30:X30),"") -> 88 | Z30: 80 | AA30: 75 | AB30: 73 | AC30: 74 | AD30: =IFERROR(AVERAGE(AA30:AC30),"") -> 74 | AE30: 70 | AF30: 90 | AG30: 89 | AH30: 90 | AI30: =IFERROR(AVERAGE(AF30:AH30),"") -> 89.666667 | AJ30: 88 | AK30: 75 | AL30: 74 | AM30: 74 | AN30: =IFERROR(AVERAGE(AK30:AM30),"") -> 74.333333 | AO30: 70 | AP30: 72 | AQ30: =AP30 -> 72 | AR30: =AQ30 -> 72 | AS30: =IFERROR(AVERAGE(AP30:AR30),"") -> 72 | AT30: =AS30 -> 72 | AU30: 72 | AV30: 72 | AW30: 72 | AX30: =IFERROR(AVERAGE(AU30:AW30),"") -> 72 | AY30: 72 | AZ30: 80 | BA30: 80 | BC30: =IFERROR(AVERAGE(AZ30:BB30),"") -> 80 | BD30: 80 | BE30: 83 | BF30: 0 | BG30: 0 | BH30: =IFERROR(AVERAGE(BE30:BG30),"") -> 27.666667 | BI30: 77 | BJ30: 75 | BK30: 80 | BL30: 80 | BM30: =IFERROR(AVERAGE(BJ30:BL30),"") -> 78.333333 | BN30: 80 | BO30: 78 | BP30: 77 | BQ30: 78 | BR30: =IFERROR(AVERAGE(BO30:BQ30),"") -> 77.666667 | BS30: 77 | BW30: =IFERROR(AVERAGE(BT30:BV30),"") | CB30: =IFERROR(AVERAGE(BY30:CA30),"") | CG30: =IFERROR(AVERAGE(CD30:CF30),"")
A31: =IFERROR(__xludf.DUMMYFUNCTION("""COMPUTED_VALUE"""),27.0) -> 27 | B31: =IFERROR(__xludf.DUMMYFUNCTION("""COMPUTED_VALUE"""),"2526100440") -> 2526100440 | C31: =IFERROR(__xludf.DUMMYFUNCTION("""COMPUTED_VALUE"""),"0105005356") -> 0105005356 | D31: =IFERROR(__xludf.DUMMYFUNCTION("""COMPUTED_VALUE"""),"MUHAMMAD GALANG GUNAWAN") -> MUHAMMAD GALANG GUNAWAN | E31: =IFERROR(__xludf.DUMMYFUNCTION("""COMPUTED_VALUE"""),"X TO 4") -> X TO 4 | F31: Ganjil | G31: 75 | H31: 75 | J31: =IFERROR(AVERAGE(G31:I31),"") -> 75 | K31: 75 | L31: 75 | M31: 75 | O31: =IFERROR(AVERAGE(L31:N31),"") -> 75 | P31: 75 | Q31: 76 | R31: 76 | S31: 75 | T31: =IFERROR(AVERAGE(Q31:S31),"") -> 75.666667 | U31: 75 | V31: 75 | W31: 75 | Y31: =IFERROR(AVERAGE(V31:X31),"") -> 75 | Z31: 75 | AA31: 75 | AB31: 75 | AC31: 75 | AD31: =IFERROR(AVERAGE(AA31:AC31),"") -> 75 | AE31: 75 | AF31: 90 | AG31: 90 | AH31: 88 | AI31: =IFERROR(AVERAGE(AF31:AH31),"") -> 89.333333 | AJ31: 89 | AK31: 75 | AL31: 75 | AM31: 75 | AN31: =IFERROR(AVERAGE(AK31:AM31),"") -> 75 | AO31: 75 | AP31: 75 | AQ31: 75 | AR31: =AQ31 -> 75 | AS31: =IFERROR(AVERAGE(AP31:AR31),"") -> 75 | AT31: =AS31 -> 75 | AU31: 75 | AV31: 75 | AW31: 75 | AX31: =IFERROR(AVERAGE(AU31:AW31),"") -> 75 | AY31: 75 | AZ31: 80 | BA31: 80 | BC31: =IFERROR(AVERAGE(AZ31:BB31),"") -> 80 | BD31: 80 | BE31: 75 | BF31: 75 | BG31: 75 | BH31: =IFERROR(AVERAGE(BE31:BG31),"") -> 75 | BI31: 75 | BJ31: 75 | BK31: 75 | BL31: 75 | BM31: =IFERROR(AVERAGE(BJ31:BL31),"") -> 75 | BN31: 75 | BO31: 75 | BP31: 75 | BQ31: 75 | BR31: =IFERROR(AVERAGE(BO31:BQ31),"") -> 75 | BS31: 75 | BW31: =IFERROR(AVERAGE(BT31:BV31),"") | CB31: =IFERROR(AVERAGE(BY31:CA31),"") | CG31: =IFERROR(AVERAGE(CD31:CF31),"")
A32: =IFERROR(__xludf.DUMMYFUNCTION("""COMPUTED_VALUE"""),28.0) -> 28 | B32: =IFERROR(__xludf.DUMMYFUNCTION("""COMPUTED_VALUE"""),"2526100441") -> 2526100441 | C32: =IFERROR(__xludf.DUMMYFUNCTION("""COMPUTED_VALUE"""),"0089904752") -> 0089904752 | D32: =IFERROR(__xludf.DUMMYFUNCTION("""COMPUTED_VALUE"""),"MUHAMMAD GOZALI") -> MUHAMMAD GOZALI | E32: =IFERROR(__xludf.DUMMYFUNCTION("""COMPUTED_VALUE"""),"X TO 4") -> X TO 4 | F32: Ganjil | G32: 80 | H32: 80 | J32: =IFERROR(AVERAGE(G32:I32),"") -> 80 | K32: 75 | L32: 85 | M32: 80 | O32: =IFERROR(AVERAGE(L32:N32),"") -> 82.5 | P32: 83 | Q32: 78 | R32: 87 | S32: 85 | T32: =IFERROR(AVERAGE(Q32:S32),"") -> 83.333333 | U32: 85 | V32: 97 | W32: 87 | Y32: =IFERROR(AVERAGE(V32:X32),"") -> 92 | Z32: 90 | AA32: 86 | AB32: 84 | AC32: 85 | AD32: =IFERROR(AVERAGE(AA32:AC32),"") -> 85 | AE32: 81 | AF32: 90 | AG32: 89 | AH32: 89 | AI32: =IFERROR(AVERAGE(AF32:AH32),"") -> 89.333333 | AJ32: 90 | AK32: 86 | AL32: 86 | AM32: 84 | AN32: =IFERROR(AVERAGE(AK32:AM32),"") -> 85.333333 | AO32: 86 | AP32: 75 | AQ32: =AP32 -> 75 | AR32: =AQ32 -> 75 | AS32: =IFERROR(AVERAGE(AP32:AR32),"") -> 75 | AT32: =AS32 -> 75 | AU32: 76 | AV32: 78 | AW32: 80 | AX32: =IFERROR(AVERAGE(AU32:AW32),"") -> 78 | AY32: 76 | AZ32: 80 | BA32: 80 | BC32: =IFERROR(AVERAGE(AZ32:BB32),"") -> 80 | BD32: 80 | BE32: 88 | BF32: 80 | BG32: 80 | BH32: =IFERROR(AVERAGE(BE32:BG32),"") -> 82.666667 | BI32: 83 | BJ32: 83 | BK32: 80 | BL32: 80 | BM32: =IFERROR(AVERAGE(BJ32:BL32),"") -> 81 | BN32: 80 | BO32: 78 | BP32: 78 | BQ32: 78 | BR32: =IFERROR(AVERAGE(BO32:BQ32),"") -> 78 | BS32: 77 | BW32: =IFERROR(AVERAGE(BT32:BV32),"") | CB32: =IFERROR(AVERAGE(BY32:CA32),"") | CG32: =IFERROR(AVERAGE(CD32:CF32),"")
A33: =IFERROR(__xludf.DUMMYFUNCTION("""COMPUTED_VALUE"""),29.0) -> 29 | B33: =IFERROR(__xludf.DUMMYFUNCTION("""COMPUTED_VALUE"""),"2526100442") -> 2526100442 | C33: =IFERROR(__xludf.DUMMYFUNCTION("""COMPUTED_VALUE"""),"0093764470") -> 0093764470 | D33: =IFERROR(__xludf.DUMMYFUNCTION("""COMPUTED_VALUE"""),"MUHAMMAD HADAD AT'TOILLAH") -> MUHAMMAD HADAD AT'TOILLAH | E33: =IFERROR(__xludf.DUMMYFUNCTION("""COMPUTED_VALUE"""),"X TO 4") -> X TO 4 | F33: Ganjil | G33: 78 | H33: 79 | J33: =IFERROR(AVERAGE(G33:I33),"") -> 78.5 | L33: 85 | M33: 80 | O33: =IFERROR(AVERAGE(L33:N33),"") -> 82.5 | P33: 80 | Q33: 78 | R33: 80 | S33: 85 | T33: =IFERROR(AVERAGE(Q33:S33),"") -> 81 | U33: 80 | V33: 75 | W33: 90 | Y33: =IFERROR(AVERAGE(V33:X33),"") -> 82.5 | Z33: 80 | AA33: 83 | AB33: 81 | AC33: 82 | AD33: =IFERROR(AVERAGE(AA33:AC33),"") -> 82 | AE33: 78 | AF33: 90 | AG33: 90 | AH33: 90 | AI33: =IFERROR(AVERAGE(AF33:AH33),"") -> 90 | AJ33: 90 | AK33: 83 | AL33: 82 | AM33: 81 | AN33: =IFERROR(AVERAGE(AK33:AM33),"") -> 82 | AO33: 78 | AP33: 72 | AQ33: =AP33 -> 72 | AR33: =AQ33 -> 72 | AS33: =IFERROR(AVERAGE(AP33:AR33),"") -> 72 | AT33: =AS33 -> 72 | AU33: 74 | AV33: 76 | AW33: 78 | AX33: =IFERROR(AVERAGE(AU33:AW33),"") -> 76 | AY33: 74 | AZ33: 80 | BA33: 80 | BC33: =IFERROR(AVERAGE(AZ33:BB33),"") -> 80 | BD33: 80 | BE33: 87 | BF33: 78 | BG33: 80 | BH33: =IFERROR(AVERAGE(BE33:BG33),"") -> 81.666667 | BI33: 83 | BJ33: 85 | BK33: 80 | BL33: 80 | BM33: =IFERROR(AVERAGE(BJ33:BL33),"") -> 81.666667 | BN33: 80 | BO33: 77 | BP33: 78 | BQ33: 78 | BR33: =IFERROR(AVERAGE(BO33:BQ33),"") -> 77.666667 | BS33: 77 | BW33: =IFERROR(AVERAGE(BT33:BV33),"") | CB33: =IFERROR(AVERAGE(BY33:CA33),"") | CG33: =IFERROR(AVERAGE(CD33:CF33),"")
A34: =IFERROR(__xludf.DUMMYFUNCTION("""COMPUTED_VALUE"""),30.0) -> 30 | B34: =IFERROR(__xludf.DUMMYFUNCTION("""COMPUTED_VALUE"""),"2526100443") -> 2526100443 | C34: =IFERROR(__xludf.DUMMYFUNCTION("""COMPUTED_VALUE"""),"0092995954") -> 0092995954 | D34: =IFERROR(__xludf.DUMMYFUNCTION("""COMPUTED_VALUE"""),"MUHAMMAD ILHAM") -> MUHAMMAD ILHAM | E34: =IFERROR(__xludf.DUMMYFUNCTION("""COMPUTED_VALUE"""),"X TO 4") -> X TO 4 | F34: Ganjil | G34: 80 | H34: 81 | J34: =IFERROR(AVERAGE(G34:I34),"") -> 80.5 | K34: 80 | L34: 85 | M34: 80 | O34: =IFERROR(AVERAGE(L34:N34),"") -> 82.5 | P34: 82 | Q34: 78 | R34: 80 | S34: 80 | T34: =IFERROR(AVERAGE(Q34:S34),"") -> 79.333333 | U34: 80 | V34: 80 | W34: 91 | Y34: =IFERROR(AVERAGE(V34:X34),"") -> 85.5 | Z34: 80 | AA34: 70 | AB34: 68 | AC34: 69 | AD34: =IFERROR(AVERAGE(AA34:AC34),"") -> 69 | AE34: 65 | AF34: 90 | AG34: 90 | AH34: 89 | AI34: =IFERROR(AVERAGE(AF34:AH34),"") -> 89.666667 | AJ34: 90 | AK34: 70 | AL34: 0 | AM34: 0 | AN34: =IFERROR(AVERAGE(AK34:AM34),"") -> 23.333333 | AO34: 20 | AP34: 72 | AQ34: =AP34 -> 72 | AR34: =AQ34 -> 72 | AS34: =IFERROR(AVERAGE(AP34:AR34),"") -> 72 | AT34: =AS34 -> 72 | AU34: 72 | AV34: 72 | AW34: 72 | AX34: =IFERROR(AVERAGE(AU34:AW34),"") -> 72 | AY34: 72 | AZ34: 80 | BA34: 80 | BC34: =IFERROR(AVERAGE(AZ34:BB34),"") -> 80 | BD34: 80 | BE34: 85 | BF34: 0 | BG34: 0 | BH34: =IFERROR(AVERAGE(BE34:BG34),"") -> 28.333333 | BI34: 80 | BJ34: 83 | BK34: 80 | BL34: 80 | BM34: =IFERROR(AVERAGE(BJ34:BL34),"") -> 81 | BN34: 80 | BO34: 79 | BP34: 80 | BQ34: 79 | BR34: =IFERROR(AVERAGE(BO34:BQ34),"") -> 79.333333 | BS34: 79 | BW34: =IFERROR(AVERAGE(BT34:BV34),"") | CB34: =IFERROR(AVERAGE(BY34:CA34),"") | CG34: =IFERROR(AVERAGE(CD34:CF34),"")
A35: =IFERROR(__xludf.DUMMYFUNCTION("""COMPUTED_VALUE"""),31.0) -> 31 | B35: =IFERROR(__xludf.DUMMYFUNCTION("""COMPUTED_VALUE"""),"2526100444") -> 2526100444 | C35: =IFERROR(__xludf.DUMMYFUNCTION("""COMPUTED_VALUE"""),"0091433917") -> 0091433917 | D35: =IFERROR(__xludf.DUMMYFUNCTION("""COMPUTED_VALUE"""),"M. IRPAN SAEPUL IBRAHIM ") -> M. IRPAN SAEPUL IBRAHIM | E35: =IFERROR(__xludf.DUMMYFUNCTION("""COMPUTED_VALUE"""),"X TO 4") -> X TO 4 | F35: Ganjil | G35: 76 | H35: 77 | J35: =IFERROR(AVERAGE(G35:I35),"") -> 76.5 | O35: =IFERROR(AVERAGE(L35:N35),"") | Q35: 75 | R35: 65 | S35: 65 | T35: =IFERROR(AVERAGE(Q35:S35),"") -> 68.333333 | U35: 0 | V35: 75 | W35: 75 | Y35: =IFERROR(AVERAGE(V35:X35),"") -> 75 | Z35: 80 | AA35: 75 | AB35: 73 | AC35: 74 | AD35: =IFERROR(AVERAGE(AA35:AC35),"") -> 74 | AE35: 70 | AF35: 90 | AG35: 90 | AH35: 90 | AI35: =IFERROR(AVERAGE(AF35:AH35),"") -> 90 | AJ35: 90 | AK35: 75 | AL35: 72 | AM35: 71 | AN35: =IFERROR(AVERAGE(AK35:AM35),"") -> 72.666667 | AO35: 70 | AP35: 72 | AQ35: =AP35 -> 72 | AR35: =AQ35 -> 72 | AS35: =IFERROR(AVERAGE(AP35:AR35),"") -> 72 | AT35: =AS35 -> 72 | AU35: 74 | AV35: 76 | AW35: 76 | AX35: =IFERROR(AVERAGE(AU35:AW35),"") -> 75.333333 | AY35: 72 | AZ35: 80 | BA35: 80 | BC35: =IFERROR(AVERAGE(AZ35:BB35),"") -> 80 | BD35: 80 | BE35: 80 | BF35: 0 | BG35: 0 | BH35: =IFERROR(AVERAGE(BE35:BG35),"") -> 26.666667 | BI35: 80 | BJ35: 80 | BK35: 80 | BL35: 80 | BM35: =IFERROR(AVERAGE(BJ35:BL35),"") -> 80 | BN35: 80 | BO35: 77 | BP35: 78 | BQ35: 77 | BR35: =IFERROR(AVERAGE(BO35:BQ35),"") -> 77.333333 | BS35: 77 | BW35: =IFERROR(AVERAGE(BT35:BV35),"") | CB35: =IFERROR(AVERAGE(BY35:CA35),"") | CG35: =IFERROR(AVERAGE(CD35:CF35),"")
A36: =IFERROR(__xludf.DUMMYFUNCTION("""COMPUTED_VALUE"""),32.0) -> 32 | B36: =IFERROR(__xludf.DUMMYFUNCTION("""COMPUTED_VALUE"""),"2526100445") -> 2526100445 | C36: =IFERROR(__xludf.DUMMYFUNCTION("""COMPUTED_VALUE"""),"0093505472") -> 0093505472 | D36: =IFERROR(__xludf.DUMMYFUNCTION("""COMPUTED_VALUE"""),"MUHAMMAD NAZIL SIBTHURRIDHO") -> MUHAMMAD NAZIL SIBTHURRIDHO | E36: =IFERROR(__xludf.DUMMYFUNCTION("""COMPUTED_VALUE"""),"X TO 4") -> X TO 4 | F36: Ganjil | G36: 80 | H36: 82 | J36: =IFERROR(AVERAGE(G36:I36),"") -> 81 | K36: 80 | O36: =IFERROR(AVERAGE(L36:N36),"") | Q36: 76 | R36: 78 | S36: 60 | T36: =IFERROR(AVERAGE(Q36:S36),"") -> 71.333333 | U36: 76 | V36: 90 | W36: 90 | Y36: =IFERROR(AVERAGE(V36:X36),"") -> 90 | Z36: 87 | AA36: 50 | AB36: 48 | AC36: 49 | AD36: =IFERROR(AVERAGE(AA36:AC36),"") -> 49 | AE36: 45 | AF36: 90 | AG36: 89 | AH36: 89 | AI36: =IFERROR(AVERAGE(AF36:AH36),"") -> 89.333333 | AJ36: 89 | AK36: 50 | AL36: 0 | AM36: 0 | AN36: =IFERROR(AVERAGE(AK36:AM36),"") -> 16.666667 | AO36: 20 | AP36: 72 | AQ36: =AP36 -> 72 | AR36: =AQ36 -> 72 | AS36: =IFERROR(AVERAGE(AP36:AR36),"") -> 72 | AT36: =AS36 -> 72 | AX36: =IFERROR(AVERAGE(AU36:AW36),"") | AZ36: 80 | BA36: 80 | BC36: =IFERROR(AVERAGE(AZ36:BB36),"") -> 80 | BD36: 80 | BE36: 85 | BF36: 0 | BG36: 0 | BH36: =IFERROR(AVERAGE(BE36:BG36),"") -> 28.333333 | BI36: 77 | BJ36: 80 | BK36: 78 | BL36: 78 | BM36: =IFERROR(AVERAGE(BJ36:BL36),"") -> 78.666667 | BN36: 78 | BO36: 78 | BP36: 78 | BQ36: 77 | BR36: =IFERROR(AVERAGE(BO36:BQ36),"") -> 77.666667 | BS36: 77 | BW36: =IFERROR(AVERAGE(BT36:BV36),"") | CB36: =IFERROR(AVERAGE(BY36:CA36),"") | CG36: =IFERROR(AVERAGE(CD36:CF36),"")
A37: =IFERROR(__xludf.DUMMYFUNCTION("""COMPUTED_VALUE"""),33.0) -> 33 | B37: =IFERROR(__xludf.DUMMYFUNCTION("""COMPUTED_VALUE"""),"2526100446") -> 2526100446 | C37: =IFERROR(__xludf.DUMMYFUNCTION("""COMPUTED_VALUE"""),"0078810983") -> 0078810983 | D37: =IFERROR(__xludf.DUMMYFUNCTION("""COMPUTED_VALUE"""),"MUHAMMAD RAGIL") -> MUHAMMAD RAGIL | E37: =IFERROR(__xludf.DUMMYFUNCTION("""COMPUTED_VALUE"""),"X TO 4") -> X TO 4 | F37: Ganjil | G37: 80 | H37: 82 | J37: =IFERROR(AVERAGE(G37:I37),"") -> 81 | K37: 80 | L37: 85 | M37: 80 | O37: =IFERROR(AVERAGE(L37:N37),"") -> 82.5 | P37: 72 | Q37: 78 | R37: 80 | S37: 80 | T37: =IFERROR(AVERAGE(Q37:S37),"") -> 79.333333 | U37: 85 | V37: 80 | W37: 86 | Y37: =IFERROR(AVERAGE(V37:X37),"") -> 83 | Z37: 84 | AA37: 82 | AB37: 80 | AC37: 81 | AD37: =IFERROR(AVERAGE(AA37:AC37),"") -> 81 | AE37: 77 | AF37: 90 | AG37: 89 | AH37: 90 | AI37: =IFERROR(AVERAGE(AF37:AH37),"") -> 89.666667 | AJ37: 90 | AK37: 82 | AL37: 83 | AM37: 79 | AN37: =IFERROR(AVERAGE(AK37:AM37),"") -> 81.333333 | AO37: 77 | AP37: 81 | AQ37: =AP37 -> 81 | AR37: =AQ37 -> 81 | AS37: =IFERROR(AVERAGE(AP37:AR37),"") -> 81 | AT37: =AS37 -> 81 | AU37: 74 | AV37: 76 | AW37: 78 | AX37: =IFERROR(AVERAGE(AU37:AW37),"") -> 76 | AY37: 75 | AZ37: 80 | BA37: 80 | BC37: =IFERROR(AVERAGE(AZ37:BB37),"") -> 80 | BD37: 80 | BE37: 80 | BF37: 0 | BG37: 0 | BH37: =IFERROR(AVERAGE(BE37:BG37),"") -> 26.666667 | BI37: 85 | BJ37: 82 | BK37: 80 | BL37: 80 | BM37: =IFERROR(AVERAGE(BJ37:BL37),"") -> 80.666667 | BN37: 80 | BO37: 79 | BP37: 80 | BQ37: 79 | BR37: =IFERROR(AVERAGE(BO37:BQ37),"") -> 79.333333 | BS37: 79 | BW37: =IFERROR(AVERAGE(BT37:BV37),"") | CB37: =IFERROR(AVERAGE(BY37:CA37),"") | CG37: =IFERROR(AVERAGE(CD37:CF37),"")
A38: =IFERROR(__xludf.DUMMYFUNCTION("""COMPUTED_VALUE"""),34.0) -> 34 | B38: =IFERROR(__xludf.DUMMYFUNCTION("""COMPUTED_VALUE"""),"2526100447") -> 2526100447 | C38: =IFERROR(__xludf.DUMMYFUNCTION("""COMPUTED_VALUE"""),"0098041660") -> 0098041660 | D38: =IFERROR(__xludf.DUMMYFUNCTION("""COMPUTED_VALUE"""),"NAJMI ERIANA") -> NAJMI ERIANA | E38: =IFERROR(__xludf.DUMMYFUNCTION("""COMPUTED_VALUE"""),"X TO 4") -> X TO 4 | F38: Ganjil | G38: 80 | H38: 82 | J38: =IFERROR(AVERAGE(G38:I38),"") -> 81 | K38: 77 | L38: 85 | M38: 80 | O38: =IFERROR(AVERAGE(L38:N38),"") -> 82.5 | P38: 84 | Q38: 78 | R38: 80 | S38: 85 | T38: =IFERROR(AVERAGE(Q38:S38),"") -> 81 | U38: 85 | V38: 80 | W38: 85 | Y38: =IFERROR(AVERAGE(V38:X38),"") -> 82.5 | Z38: 84 | AA38: 80 | AB38: 80 | AC38: 80 | AD38: =IFERROR(AVERAGE(AA38:AC38),"") -> 80 | AE38: 80 | AF38: 89 | AG38: 90 | AH38: 90 | AI38: =IFERROR(AVERAGE(AF38:AH38),"") -> 89.666667 | AJ38: 90 | AK38: 75 | AL38: 75 | AM38: 75 | AN38: =IFERROR(AVERAGE(AK38:AM38),"") -> 75 | AO38: 75 | AP38: 81 | AQ38: =AP38 -> 81 | AR38: =AQ38 -> 81 | AS38: =IFERROR(AVERAGE(AP38:AR38),"") -> 81 | AT38: =AS38 -> 81 | AU38: 74 | AV38: 76 | AW38: 80 | AX38: =IFERROR(AVERAGE(AU38:AW38),"") -> 76.666667 | AY38: 76 | AZ38: 80 | BA38: 80 | BC38: =IFERROR(AVERAGE(AZ38:BB38),"") -> 80 | BD38: 80 | BE38: 80 | BF38: 79 | BG38: 79 | BH38: =IFERROR(AVERAGE(BE38:BG38),"") -> 79.333333 | BI38: 85 | BJ38: 84 | BK38: 80 | BL38: 80 | BM38: =IFERROR(AVERAGE(BJ38:BL38),"") -> 81.333333 | BN38: 80 | BO38: 78 | BP38: 77 | BQ38: 76 | BR38: =IFERROR(AVERAGE(BO38:BQ38),"") -> 77 | BS38: 78 | BW38: =IFERROR(AVERAGE(BT38:BV38),"") | CB38: =IFERROR(AVERAGE(BY38:CA38),"") | CG38: =IFERROR(AVERAGE(CD38:CF38),"")
A39: =IFERROR(__xludf.DUMMYFUNCTION("""COMPUTED_VALUE"""),35.0) -> 35 | B39: =IFERROR(__xludf.DUMMYFUNCTION("""COMPUTED_VALUE"""),"2526100448") -> 2526100448 | C39: =IFERROR(__xludf.DUMMYFUNCTION("""COMPUTED_VALUE"""),"0094411174") -> 0094411174 | D39: =IFERROR(__xludf.DUMMYFUNCTION("""COMPUTED_VALUE"""),"PANO PAIZAL") -> PANO PAIZAL | E39: =IFERROR(__xludf.DUMMYFUNCTION("""COMPUTED_VALUE"""),"X TO 4") -> X TO 4 | F39: Ganjil | G39: 80 | H39: 82 | J39: =IFERROR(AVERAGE(G39:I39),"") -> 81 | K39: 77 | L39: 85 | M39: 80 | O39: =IFERROR(AVERAGE(L39:N39),"") -> 82.5 | P39: 82 | Q39: 80 | R39: 80 | S39: 80 | T39: =IFERROR(AVERAGE(Q39:S39),"") -> 80 | U39: 85 | V39: 75 | W39: 96 | Y39: =IFERROR(AVERAGE(V39:X39),"") -> 85.5 | Z39: 88 | AA39: 82 | AB39: 80 | AC39: 81 | AD39: =IFERROR(AVERAGE(AA39:AC39),"") -> 81 | AE39: 77 | AF39: 89 | AG39: 89 | AH39: 90 | AI39: =IFERROR(AVERAGE(AF39:AH39),"") -> 89.333333 | AJ39: 88 | AK39: 82 | AL39: 80 | AM39: 79 | AN39: =IFERROR(AVERAGE(AK39:AM39),"") -> 80.333333 | AO39: 74 | AP39: 75 | AQ39: =AP39 -> 75 | AR39: =AQ39 -> 75 | AS39: =IFERROR(AVERAGE(AP39:AR39),"") -> 75 | AT39: =AS39 -> 75 | AU39: 72 | AV39: 73 | AW39: 73 | AX39: =IFERROR(AVERAGE(AU39:AW39),"") -> 72.666667 | AY39: 73 | AZ39: 80 | BA39: 80 | BC39: =IFERROR(AVERAGE(AZ39:BB39),"") -> 80 | BD39: 80 | BE39: 80 | BF39: 0 | BG39: 0 | BH39: =IFERROR(AVERAGE(BE39:BG39),"") -> 26.666667 | BI39: 80 | BJ39: 83 | BK39: 80 | BL39: 80 | BM39: =IFERROR(AVERAGE(BJ39:BL39),"") -> 81 | BN39: 80 | BO39: 78 | BP39: 77 | BQ39: 78 | BR39: =IFERROR(AVERAGE(BO39:BQ39),"") -> 77.666667 | BS39: 78 | BW39: =IFERROR(AVERAGE(BT39:BV39),"") | CB39: =IFERROR(AVERAGE(BY39:CA39),"") | CG39: =IFERROR(AVERAGE(CD39:CF39),"")
A40: =IFERROR(__xludf.DUMMYFUNCTION("""COMPUTED_VALUE"""),36.0) -> 36 | B40: =IFERROR(__xludf.DUMMYFUNCTION("""COMPUTED_VALUE"""),"2526100449") -> 2526100449 | C40: =IFERROR(__xludf.DUMMYFUNCTION("""COMPUTED_VALUE"""),"3104749923") -> 3104749923 | D40: =IFERROR(__xludf.DUMMYFUNCTION("""COMPUTED_VALUE"""),"PIRMAN ADRIYANI PUTRA") -> PIRMAN ADRIYANI PUTRA | E40: =IFERROR(__xludf.DUMMYFUNCTION("""COMPUTED_VALUE"""),"X TO 4") -> X TO 4 | F40: Ganjil | G40: 80 | H40: 80 | J40: =IFERROR(AVERAGE(G40:I40),"") -> 80 | K40: 77 | L40: 85 | M40: 80 | O40: =IFERROR(AVERAGE(L40:N40),"") -> 82.5 | P40: 73 | Q40: 78 | R40: 80 | S40: 80 | T40: =IFERROR(AVERAGE(Q40:S40),"") -> 79.333333 | U40: 85 | V40: 75 | W40: 89 | Y40: =IFERROR(AVERAGE(V40:X40),"") -> 82 | Z40: 84 | AA40: 81 | AB40: 79 | AC40: 80 | AD40: =IFERROR(AVERAGE(AA40:AC40),"") -> 80 | AE40: 76 | AF40: 89 | AG40: 90 | AH40: 90 | AI40: =IFERROR(AVERAGE(AF40:AH40),"") -> 89.666667 | AJ40: 89 | AK40: 81 | AL40: 80 | AM40: 79 | AN40: =IFERROR(AVERAGE(AK40:AM40),"") -> 80 | AO40: 73 | AP40: 72 | AQ40: =AP40 -> 72 | AR40: =AQ40 -> 72 | AS40: =IFERROR(AVERAGE(AP40:AR40),"") -> 72 | AT40: =AS40 -> 72 | AU40: 72 | AV40: 73 | AW40: 74 | AX40: =IFERROR(AVERAGE(AU40:AW40),"") -> 73 | AY40: 74 | AZ40: 80 | BA40: 80 | BC40: =IFERROR(AVERAGE(AZ40:BB40),"") -> 80 | BD40: 80 | BE40: 85 | BF40: 0 | BG40: 0 | BH40: =IFERROR(AVERAGE(BE40:BG40),"") -> 28.333333 | BI40: 78 | BJ40: 85 | BK40: 80 | BL40: 80 | BM40: =IFERROR(AVERAGE(BJ40:BL40),"") -> 81.666667 | BN40: 80 | BO40: 78 | BP40: 78 | BQ40: 77 | BR40: =IFERROR(AVERAGE(BO40:BQ40),"") -> 77.666667 | BS40: 77 | BW40: =IFERROR(AVERAGE(BT40:BV40),"") | CB40: =IFERROR(AVERAGE(BY40:CA40),"") | CG40: =IFERROR(AVERAGE(CD40:CF40),"")
A41: =IFERROR(__xludf.DUMMYFUNCTION("""COMPUTED_VALUE"""),37.0) -> 37 | B41: =IFERROR(__xludf.DUMMYFUNCTION("""COMPUTED_VALUE"""),"2526100450") -> 2526100450 | C41: =IFERROR(__xludf.DUMMYFUNCTION("""COMPUTED_VALUE"""),"0106511353") -> 0106511353 | D41: =IFERROR(__xludf.DUMMYFUNCTION("""COMPUTED_VALUE"""),"RAFFA RAMADHAN") -> RAFFA RAMADHAN | E41: =IFERROR(__xludf.DUMMYFUNCTION("""COMPUTED_VALUE"""),"X TO 4") -> X TO 4 | F41: Ganjil | G41: 80 | H41: 83 | J41: =IFERROR(AVERAGE(G41:I41),"") -> 81.5 | K41: 80 | L41: 85 | M41: 80 | O41: =IFERROR(AVERAGE(L41:N41),"") -> 82.5 | P41: 83 | Q41: 78 | R41: 87 | S41: 85 | T41: =IFERROR(AVERAGE(Q41:S41),"") -> 83.333333 | U41: 86 | V41: 95 | W41: 96 | Y41: =IFERROR(AVERAGE(V41:X41),"") -> 95.5 | Z41: 84 | AA41: 88 | AB41: 86 | AC41: 87 | AD41: =IFERROR(AVERAGE(AA41:AC41),"") -> 87 | AE41: 83 | AF41: 88 | AG41: 89 | AH41: 90 | AI41: =IFERROR(AVERAGE(AF41:AH41),"") -> 89 | AJ41: 89 | AK41: 88 | AL41: 87 | AM41: 88 | AN41: =IFERROR(AVERAGE(AK41:AM41),"") -> 87.666667 | AO41: 88 | AP41: 80 | AQ41: =AP41 -> 80 | AR41: =AQ41 -> 80 | AS41: =IFERROR(AVERAGE(AP41:AR41),"") -> 80 | AT41: =AS41 -> 80 | AU41: 82 | AV41: 82 | AW41: 82 | AX41: =IFERROR(AVERAGE(AU41:AW41),"") -> 82 | AY41: 84 | AZ41: 80 | BA41: 80 | BC41: =IFERROR(AVERAGE(AZ41:BB41),"") -> 80 | BD41: 80 | BE41: 85 | BF41: 78 | BG41: 80 | BH41: =IFERROR(AVERAGE(BE41:BG41),"") -> 81 | BI41: 85 | BJ41: 85 | BK41: 80 | BL41: 80 | BM41: =IFERROR(AVERAGE(BJ41:BL41),"") -> 81.666667 | BN41: 80 | BO41: 80 | BP41: 79 | BQ41: 79 | BR41: =IFERROR(AVERAGE(BO41:BQ41),"") -> 79.333333 | BS41: 80 | BW41: =IFERROR(AVERAGE(BT41:BV41),"") | CB41: =IFERROR(AVERAGE(BY41:CA41),"") | CG41: =IFERROR(AVERAGE(CD41:CF41),"")
A42: =IFERROR(__xludf.DUMMYFUNCTION("""COMPUTED_VALUE"""),38.0) -> 38 | B42: =IFERROR(__xludf.DUMMYFUNCTION("""COMPUTED_VALUE"""),"2526100451") -> 2526100451 | C42: =IFERROR(__xludf.DUMMYFUNCTION("""COMPUTED_VALUE"""),"3100673583") -> 3100673583 | D42: =IFERROR(__xludf.DUMMYFUNCTION("""COMPUTED_VALUE"""),"RAFQA NUZULUL AKBAR SETIANA") -> RAFQA NUZULUL AKBAR SETIANA | E42: =IFERROR(__xludf.DUMMYFUNCTION("""COMPUTED_VALUE"""),"X TO 4") -> X TO 4 | F42: Ganjil | G42: 81 | H42: 83 | J42: =IFERROR(AVERAGE(G42:I42),"") -> 82 | K42: 80 | L42: 85 | M42: 80 | O42: =IFERROR(AVERAGE(L42:N42),"") -> 82.5 | P42: 81 | Q42: 80 | R42: 87 | S42: 80 | T42: =IFERROR(AVERAGE(Q42:S42),"") -> 82.333333 | U42: 85 | V42: 75 | W42: 90 | Y42: =IFERROR(AVERAGE(V42:X42),"") -> 82.5 | Z42: 90 | AA42: 86 | AB42: 84 | AC42: 85 | AD42: =IFERROR(AVERAGE(AA42:AC42),"") -> 85 | AE42: 81 | AF42: 90 | AG42: 90 | AH42: 90 | AI42: =IFERROR(AVERAGE(AF42:AH42),"") -> 90 | AJ42: 90 | AK42: 86 | AL42: 86 | AM42: 85 | AN42: =IFERROR(AVERAGE(AK42:AM42),"") -> 85.666667 | AO42: 87 | AP42: 82 | AQ42: =AP42 -> 82 | AR42: =AQ42 -> 82 | AS42: =IFERROR(AVERAGE(AP42:AR42),"") -> 82 | AT42: =AS42 -> 82 | AU42: 81 | AV42: 81 | AW42: 82 | AX42: =IFERROR(AVERAGE(AU42:AW42),"") -> 81.333333 | AY42: 82 | AZ42: 80 | BA42: 80 | BC42: =IFERROR(AVERAGE(AZ42:BB42),"") -> 80 | BD42: 80 | BE42: 88 | BF42: 85 | BG42: 80 | BH42: =IFERROR(AVERAGE(BE42:BG42),"") -> 84.333333 | BI42: 85 | BJ42: 85 | BK42: 85 | BL42: 85 | BM42: =IFERROR(AVERAGE(BJ42:BL42),"") -> 85 | BN42: 85 | BO42: 80 | BP42: 80 | BQ42: 79 | BR42: =IFERROR(AVERAGE(BO42:BQ42),"") -> 79.666667 | BS42: 80 | BW42: =IFERROR(AVERAGE(BT42:BV42),"") | CB42: =IFERROR(AVERAGE(BY42:CA42),"") | CG42: =IFERROR(AVERAGE(CD42:CF42),"")
A43: =IFERROR(__xludf.DUMMYFUNCTION("""COMPUTED_VALUE"""),39.0) -> 39 | B43: =IFERROR(__xludf.DUMMYFUNCTION("""COMPUTED_VALUE"""),"2526100452") -> 2526100452 | C43: =IFERROR(__xludf.DUMMYFUNCTION("""COMPUTED_VALUE"""),"0098144365") -> 0098144365 | D43: =IFERROR(__xludf.DUMMYFUNCTION("""COMPUTED_VALUE"""),"RIDO MUHAMAD NUR FADILAH") -> RIDO MUHAMAD NUR FADILAH | E43: =IFERROR(__xludf.DUMMYFUNCTION("""COMPUTED_VALUE"""),"X TO 4") -> X TO 4 | F43: Ganjil | G43: 80 | H43: 82 | J43: =IFERROR(AVERAGE(G43:I43),"") -> 81 | K43: 77 | L43: 85 | M43: 80 | O43: =IFERROR(AVERAGE(L43:N43),"") -> 82.5 | P43: 79 | Q43: 78 | R43: 80 | S43: 80 | T43: =IFERROR(AVERAGE(Q43:S43),"") -> 79.333333 | U43: 80 | V43: 95 | W43: 95 | Y43: =IFERROR(AVERAGE(V43:X43),"") -> 95 | Z43: 90 | AA43: 40 | AB43: 38 | AC43: 39 | AD43: =IFERROR(AVERAGE(AA43:AC43),"") -> 39 | AE43: 35 | AF43: 90 | AG43: 90 | AH43: 90 | AI43: =IFERROR(AVERAGE(AF43:AH43),"") -> 90 | AJ43: 90 | AK43: 40 | AL43: 0 | AM43: 0 | AN43: =IFERROR(AVERAGE(AK43:AM43),"") -> 13.333333 | AO43: 25 | AP43: 78 | AQ43: =AP43 -> 78 | AR43: =AQ43 -> 78 | AS43: =IFERROR(AVERAGE(AP43:AR43),"") -> 78 | AT43: =AS43 -> 78 | AU43: 72 | AV43: 73 | AW43: 73 | AX43: =IFERROR(AVERAGE(AU43:AW43),"") -> 72.666667 | AY43: 74 | AZ43: 80 | BA43: 80 | BC43: =IFERROR(AVERAGE(AZ43:BB43),"") -> 80 | BD43: 80 | BE43: 83 | BF43: 0 | BG43: 0 | BH43: =IFERROR(AVERAGE(BE43:BG43),"") -> 27.666667 | BI43: 83 | BJ43: 83 | BK43: 80 | BL43: 80 | BM43: =IFERROR(AVERAGE(BJ43:BL43),"") -> 81 | BN43: 80 | BO43: 78 | BP43: 79 | BQ43: 78 | BR43: =IFERROR(AVERAGE(BO43:BQ43),"") -> 78.333333 | BS43: 78 | BW43: =IFERROR(AVERAGE(BT43:BV43),"") | CB43: =IFERROR(AVERAGE(BY43:CA43),"") | CG43: =IFERROR(AVERAGE(CD43:CF43),"")
A44: =IFERROR(__xludf.DUMMYFUNCTION("""COMPUTED_VALUE"""),40.0) -> 40 | B44: =IFERROR(__xludf.DUMMYFUNCTION("""COMPUTED_VALUE"""),"2526100453") -> 2526100453 | C44: =IFERROR(__xludf.DUMMYFUNCTION("""COMPUTED_VALUE"""),"0101384399") -> 0101384399 | D44: =IFERROR(__xludf.DUMMYFUNCTION("""COMPUTED_VALUE"""),"RIFAL KAMILUL AJHAR") -> RIFAL KAMILUL AJHAR | E44: =IFERROR(__xludf.DUMMYFUNCTION("""COMPUTED_VALUE"""),"X TO 4") -> X TO 4 | F44: Ganjil | G44: 80 | H44: 81 | J44: =IFERROR(AVERAGE(G44:I44),"") -> 80.5 | K44: 80 | L44: 85 | M44: 80 | O44: =IFERROR(AVERAGE(L44:N44),"") -> 82.5 | P44: 82 | Q44: 78 | R44: 80 | S44: 80 | T44: =IFERROR(AVERAGE(Q44:S44),"") -> 79.333333 | U44: 80 | V44: 98 | W44: 91 | Y44: =IFERROR(AVERAGE(V44:X44),"") -> 94.5 | Z44: 90 | AA44: 86 | AB44: 84 | AC44: 85 | AD44: =IFERROR(AVERAGE(AA44:AC44),"") -> 85 | AE44: 81 | AF44: 90 | AG44: 90 | AH44: 89 | AI44: =IFERROR(AVERAGE(AF44:AH44),"") -> 89.666667 | AJ44: 90 | AK44: 86 | AL44: 86 | AM44: 85 | AN44: =IFERROR(AVERAGE(AK44:AM44),"") -> 85.666667 | AO44: 87 | AP44: 78 | AQ44: =AP44 -> 78 | AR44: =AQ44 -> 78 | AS44: =IFERROR(AVERAGE(AP44:AR44),"") -> 78 | AT44: =AS44 -> 78 | AU44: 73 | AV44: 72 | AW44: 73 | AX44: =IFERROR(AVERAGE(AU44:AW44),"") -> 72.666667 | AY44: 74 | AZ44: 80 | BA44: 80 | BC44: =IFERROR(AVERAGE(AZ44:BB44),"") -> 80 | BD44: 80 | BE44: 83 | BF44: 0 | BG44: 0 | BH44: =IFERROR(AVERAGE(BE44:BG44),"") -> 27.666667 | BI44: 78 | BJ44: 85 | BK44: 80 | BL44: 80 | BM44: =IFERROR(AVERAGE(BJ44:BL44),"") -> 81.666667 | BN44: 80 | BO44: 79 | BP44: 78 | BQ44: 79 | BR44: =IFERROR(AVERAGE(BO44:BQ44),"") -> 78.666667 | BS44: 79 | BW44: =IFERROR(AVERAGE(BT44:BV44),"") | CB44: =IFERROR(AVERAGE(BY44:CA44),"") | CG44: =IFERROR(AVERAGE(CD44:CF44),"")
A45: =IFERROR(__xludf.DUMMYFUNCTION("""COMPUTED_VALUE"""),41.0) -> 41 | B45: =IFERROR(__xludf.DUMMYFUNCTION("""COMPUTED_VALUE"""),"2526100454") -> 2526100454 | C45: =IFERROR(__xludf.DUMMYFUNCTION("""COMPUTED_VALUE"""),"0095007656") -> 0095007656 | D45: =IFERROR(__xludf.DUMMYFUNCTION("""COMPUTED_VALUE"""),"RIVALDI MAULANA") -> RIVALDI MAULANA | E45: =IFERROR(__xludf.DUMMYFUNCTION("""COMPUTED_VALUE"""),"X TO 4") -> X TO 4 | F45: Ganjil | J45: =IFERROR(AVERAGE(G45:I45),"") | O45: =IFERROR(AVERAGE(L45:N45),"") | Q45: 76 | R45: 65 | S45: 65 | T45: =IFERROR(AVERAGE(Q45:S45),"") -> 68.666667 | U45: 0 | V45: 75 | W45: 75 | Y45: =IFERROR(AVERAGE(V45:X45),"") -> 75 | Z45: 80 | AA45: 70 | AB45: 68 | AC45: 69 | AD45: =IFERROR(AVERAGE(AA45:AC45),"") -> 69 | AE45: 65 | AF45: 90 | AG45: 89 | AH45: 89 | AI45: =IFERROR(AVERAGE(AF45:AH45),"") -> 89.333333 | AJ45: 89 | AK45: 70 | AL45: 0 | AM45: 0 | AN45: =IFERROR(AVERAGE(AK45:AM45),"") -> 23.333333 | AO45: 0 | AP45: 72 | AQ45: =AP45 -> 72 | AR45: =AQ45 -> 72 | AS45: =IFERROR(AVERAGE(AP45:AR45),"") -> 72 | AT45: =AS45 -> 72 | AU45: 73 | AV45: 72 | AW45: 72 | AX45: =IFERROR(AVERAGE(AU45:AW45),"") -> 72.333333 | AY45: 72 | AZ45: 80 | BA45: 80 | BC45: =IFERROR(AVERAGE(AZ45:BB45),"") -> 80 | BD45: 80 | BE45: 0 | BF45: 0 | BG45: 0 | BH45: =IFERROR(AVERAGE(BE45:BG45),"") -> 0 | BI45: 0 | BJ45: 50 | BK45: 50 | BL45: 50 | BM45: =IFERROR(AVERAGE(BJ45:BL45),"") -> 50 | BN45: 50 | BO45: 45 | BP45: 50 | BQ45: 45 | BR45: =IFERROR(AVERAGE(BO45:BQ45),"") -> 46.666667 | BS45: 0 | BW45: =IFERROR(AVERAGE(BT45:BV45),"") | CB45: =IFERROR(AVERAGE(BY45:CA45),"") | CG45: =IFERROR(AVERAGE(CD45:CF45),"")
A46: =IFERROR(__xludf.DUMMYFUNCTION("""COMPUTED_VALUE"""),42.0) -> 42 | B46: =IFERROR(__xludf.DUMMYFUNCTION("""COMPUTED_VALUE"""),"2526100455") -> 2526100455 | C46: =IFERROR(__xludf.DUMMYFUNCTION("""COMPUTED_VALUE"""),"3095900062") -> 3095900062 | D46: =IFERROR(__xludf.DUMMYFUNCTION("""COMPUTED_VALUE"""),"RIZAL RISMAYANDI") -> RIZAL RISMAYANDI | E46: =IFERROR(__xludf.DUMMYFUNCTION("""COMPUTED_VALUE"""),"X TO 4") -> X TO 4 | F46: Ganjil | G46: 79 | H46: 80 | J46: =IFERROR(AVERAGE(G46:I46),"") -> 79.5 | K46: 77 | L46: 85 | M46: 80 | O46: =IFERROR(AVERAGE(L46:N46),"") -> 82.5 | P46: 81 | Q46: 78 | R46: 80 | S46: 78 | T46: =IFERROR(AVERAGE(Q46:S46),"") -> 78.666667 | U46: 80 | V46: 75 | W46: 85 | Y46: =IFERROR(AVERAGE(V46:X46),"") -> 80 | Z46: 90 | AA46: 70 | AB46: 68 | AC46: 69 | AD46: =IFERROR(AVERAGE(AA46:AC46),"") -> 69 | AE46: 65 | AF46: 90 | AG46: 89 | AH46: 89 | AI46: =IFERROR(AVERAGE(AF46:AH46),"") -> 89.333333 | AJ46: 90 | AK46: 70 | AL46: 0 | AM46: 0 | AN46: =IFERROR(AVERAGE(AK46:AM46),"") -> 23.333333 | AO46: 20 | AP46: 72 | AQ46: =AP46 -> 72 | AR46: =AQ46 -> 72 | AS46: =IFERROR(AVERAGE(AP46:AR46),"") -> 72 | AT46: =AS46 -> 72 | AU46: 73 | AV46: 73 | AW46: 73 | AX46: =IFERROR(AVERAGE(AU46:AW46),"") -> 73 | AY46: 73 | AZ46: 80 | BA46: 80 | BC46: =IFERROR(AVERAGE(AZ46:BB46),"") -> 80 | BD46: 80 | BE46: 85 | BF46: 0 | BG46: 0 | BH46: =IFERROR(AVERAGE(BE46:BG46),"") -> 28.333333 | BI46: 76 | BJ46: 78 | BK46: 80 | BL46: 80 | BM46: =IFERROR(AVERAGE(BJ46:BL46),"") -> 79.333333 | BN46: 80 | BO46: 79 | BP46: 78 | BQ46: 79 | BR46: =IFERROR(AVERAGE(BO46:BQ46),"") -> 78.666667 | BS46: 80 | BW46: =IFERROR(AVERAGE(BT46:BV46),"") | CB46: =IFERROR(AVERAGE(BY46:CA46),"") | CG46: =IFERROR(AVERAGE(CD46:CF46),"")
A47: =IFERROR(__xludf.DUMMYFUNCTION("""COMPUTED_VALUE"""),43.0) -> 43 | B47: =IFERROR(__xludf.DUMMYFUNCTION("""COMPUTED_VALUE"""),"2526100456") -> 2526100456 | C47: =IFERROR(__xludf.DUMMYFUNCTION("""COMPUTED_VALUE"""),"0097206975") -> 0097206975 | D47: =IFERROR(__xludf.DUMMYFUNCTION("""COMPUTED_VALUE"""),"RIZKI ADITIA PRATAMA") -> RIZKI ADITIA PRATAMA | E47: =IFERROR(__xludf.DUMMYFUNCTION("""COMPUTED_VALUE"""),"X TO 4") -> X TO 4 | F47: Ganjil | G47: 80 | H47: 81 | J47: =IFERROR(AVERAGE(G47:I47),"") -> 80.5 | K47: 77 | L47: 85 | M47: 80 | O47: =IFERROR(AVERAGE(L47:N47),"") -> 82.5 | P47: 84 | Q47: 80 | R47: 80 | S47: 60 | T47: =IFERROR(AVERAGE(Q47:S47),"") -> 73.333333 | U47: 78 | V47: 95 | W47: 95 | Y47: =IFERROR(AVERAGE(V47:X47),"") -> 95 | Z47: 86 | AA47: 81 | AB47: 79 | AC47: 80 | AD47: =IFERROR(AVERAGE(AA47:AC47),"") -> 80 | AE47: 76 | AF47: 90 | AG47: 90 | AH47: 90 | AI47: =IFERROR(AVERAGE(AF47:AH47),"") -> 90 | AJ47: 90 | AK47: 81 | AL47: 82 | AM47: 82 | AN47: =IFERROR(AVERAGE(AK47:AM47),"") -> 81.666667 | AO47: 75 | AP47: 72 | AQ47: =AP47 -> 72 | AR47: =AQ47 -> 72 | AS47: =IFERROR(AVERAGE(AP47:AR47),"") -> 72 | AT47: =AS47 -> 72 | AU47: 73 | AV47: 73 | AW47: 73 | AX47: =IFERROR(AVERAGE(AU47:AW47),"") -> 73 | AY47: 73 | AZ47: 80 | BA47: 80 | BC47: =IFERROR(AVERAGE(AZ47:BB47),"") -> 80 | BD47: 80 | BE47: 80 | BF47: 0 | BG47: 0 | BH47: =IFERROR(AVERAGE(BE47:BG47),"") -> 26.666667 | BI47: 78 | BJ47: 80 | BK47: 80 | BL47: 80 | BM47: =IFERROR(AVERAGE(BJ47:BL47),"") -> 80 | BN47: 80 | BO47: 79 | BP47: 77 | BQ47: 78 | BR47: =IFERROR(AVERAGE(BO47:BQ47),"") -> 78 | BS47: 79 | BW47: =IFERROR(AVERAGE(BT47:BV47),"") | CB47: =IFERROR(AVERAGE(BY47:CA47),"") | CG47: =IFERROR(AVERAGE(CD47:CF47),"")
A48: =IFERROR(__xludf.DUMMYFUNCTION("""COMPUTED_VALUE"""),44.0) -> 44 | B48: =IFERROR(__xludf.DUMMYFUNCTION("""COMPUTED_VALUE"""),"2526100457") -> 2526100457 | C48: =IFERROR(__xludf.DUMMYFUNCTION("""COMPUTED_VALUE"""),"0099911084") -> 0099911084 | D48: =IFERROR(__xludf.DUMMYFUNCTION("""COMPUTED_VALUE"""),"SURYA BAGJA JUNIOR") -> SURYA BAGJA JUNIOR | E48: =IFERROR(__xludf.DUMMYFUNCTION("""COMPUTED_VALUE"""),"X TO 4") -> X TO 4 | F48: Ganjil | G48: 80 | H48: 79 | J48: =IFERROR(AVERAGE(G48:I48),"") -> 79.5 | K48: 77 | L48: 85 | M48: 80 | O48: =IFERROR(AVERAGE(L48:N48),"") -> 82.5 | P48: 83 | Q48: 76 | R48: 78 | S48: 60 | T48: =IFERROR(AVERAGE(Q48:S48),"") -> 71.333333 | U48: 76 | V48: 75 | W48: 91 | Y48: =IFERROR(AVERAGE(V48:X48),"") -> 83 | Z48: 86 | AA48: 81 | AB48: 79 | AC48: 80 | AD48: =IFERROR(AVERAGE(AA48:AC48),"") -> 80 | AE48: 76 | AF48: 89 | AG48: 90 | AH48: 90 | AI48: =IFERROR(AVERAGE(AF48:AH48),"") -> 89.666667 | AJ48: 89 | AK48: 81 | AL48: 81 | AM48: 82 | AN48: =IFERROR(AVERAGE(AK48:AM48),"") -> 81.333333 | AO48: 75 | AP48: 72 | AQ48: =AP48 -> 72 | AR48: =AQ48 -> 72 | AS48: =IFERROR(AVERAGE(AP48:AR48),"") -> 72 | AT48: =AS48 -> 72 | AU48: 72 | AV48: 72 | AW48: 72 | AX48: =IFERROR(AVERAGE(AU48:AW48),"") -> 72 | AY48: 72 | AZ48: 80 | BA48: 80 | BC48: =IFERROR(AVERAGE(AZ48:BB48),"") -> 80 | BD48: 80 | BE48: 80 | BF48: 0 | BG48: 0 | BH48: =IFERROR(AVERAGE(BE48:BG48),"") -> 26.666667 | BI48: 78 | BJ48: 79 | BK48: 80 | BL48: 80 | BM48: =IFERROR(AVERAGE(BJ48:BL48),"") -> 79.666667 | BN48: 80 | BO48: 79 | BP48: 77 | BQ48: 78 | BR48: =IFERROR(AVERAGE(BO48:BQ48),"") -> 78 | BS48: 78 | BW48: =IFERROR(AVERAGE(BT48:BV48),"") | CB48: =IFERROR(AVERAGE(BY48:CA48),"") | CG48: =IFERROR(AVERAGE(CD48:CF48),"")
A49: =IFERROR(__xludf.DUMMYFUNCTION("""COMPUTED_VALUE"""),45.0) -> 45 | B49: =IFERROR(__xludf.DUMMYFUNCTION("""COMPUTED_VALUE"""),"2526100458") -> 2526100458 | C49: =IFERROR(__xludf.DUMMYFUNCTION("""COMPUTED_VALUE"""),"3096786504") -> 3096786504 | D49: =IFERROR(__xludf.DUMMYFUNCTION("""COMPUTED_VALUE"""),"WILDAN RIPAI") -> WILDAN RIPAI | E49: =IFERROR(__xludf.DUMMYFUNCTION("""COMPUTED_VALUE"""),"X TO 4") -> X TO 4 | F49: Ganjil | G49: 80 | H49: 83 | J49: =IFERROR(AVERAGE(G49:I49),"") -> 81.5 | K49: 80 | L49: 85 | M49: 80 | O49: =IFERROR(AVERAGE(L49:N49),"") -> 82.5 | P49: 81 | Q49: 78 | R49: 80 | S49: 85 | T49: =IFERROR(AVERAGE(Q49:S49),"") -> 81 | U49: 85 | V49: 75 | W49: 88 | Y49: =IFERROR(AVERAGE(V49:X49),"") -> 81.5 | Z49: 82 | AA49: 88 | AB49: 86 | AC49: 87 | AD49: =IFERROR(AVERAGE(AA49:AC49),"") -> 87 | AE49: 83 | AF49: 89 | AG49: 90 | AH49: 89 | AI49: =IFERROR(AVERAGE(AF49:AH49),"") -> 89.333333 | AJ49: 89 | AK49: 88 | AL49: 87 | AM49: 88 | AN49: =IFERROR(AVERAGE(AK49:AM49),"") -> 87.666667 | AO49: 88 | AP49: 83 | AQ49: =AP49 -> 83 | AR49: =AQ49 -> 83 | AS49: =IFERROR(AVERAGE(AP49:AR49),"") -> 83 | AT49: =AS49 -> 83 | AU49: 76 | AV49: 78 | AW49: 80 | AX49: =IFERROR(AVERAGE(AU49:AW49),"") -> 78 | AY49: 80 | AZ49: 80 | BA49: 80 | BC49: =IFERROR(AVERAGE(AZ49:BB49),"") -> 80 | BD49: 80 | BE49: 87 | BF49: 78 | BG49: 79 | BH49: =IFERROR(AVERAGE(BE49:BG49),"") -> 81.333333 | BI49: 83 | BJ49: 80 | BK49: 80 | BL49: 80 | BM49: =IFERROR(AVERAGE(BJ49:BL49),"") -> 80 | BN49: 80 | BO49: 81 | BP49: 81 | BQ49: 80 | BR49: =IFERROR(AVERAGE(BO49:BQ49),"") -> 80.666667 | BS49: 80 | BW49: =IFERROR(AVERAGE(BT49:BV49),"") | CB49: =IFERROR(AVERAGE(BY49:CA49),"") | CG49: =IFERROR(AVERAGE(CD49:CF49),"")
A50: =IFERROR(__xludf.DUMMYFUNCTION("""COMPUTED_VALUE"""),46.0) -> 46 | B50: =IFERROR(__xludf.DUMMYFUNCTION("""COMPUTED_VALUE"""),"2526100459") -> 2526100459 | C50: =IFERROR(__xludf.DUMMYFUNCTION("""COMPUTED_VALUE"""),"3100392230") -> 3100392230 | D50: =IFERROR(__xludf.DUMMYFUNCTION("""COMPUTED_VALUE"""),"YUDHA PRASETYO") -> YUDHA PRASETYO | E50: =IFERROR(__xludf.DUMMYFUNCTION("""COMPUTED_VALUE"""),"X TO 4") -> X TO 4 | F50: Ganjil | G50: 79 | H50: 80 | J50: =IFERROR(AVERAGE(G50:I50),"") -> 79.5 | K50: 77 | L50: 85 | M50: 80 | O50: =IFERROR(AVERAGE(L50:N50),"") -> 82.5 | P50: 78 | Q50: 78 | R50: 78 | S50: 60 | T50: =IFERROR(AVERAGE(Q50:S50),"") -> 72 | U50: 75 | V50: 75 | W50: 85 | Y50: =IFERROR(AVERAGE(V50:X50),"") -> 80 | Z50: 82 | AA50: 81 | AB50: 79 | AC50: 80 | AD50: =IFERROR(AVERAGE(AA50:AC50),"") -> 80 | AE50: 76 | AF50: 90 | AG50: 89 | AH50: 90 | AI50: =IFERROR(AVERAGE(AF50:AH50),"") -> 89.666667 | AJ50: 89 | AK50: 81 | AL50: 81 | AM50: 82 | AN50: =IFERROR(AVERAGE(AK50:AM50),"") -> 81.333333 | AO50: 75 | AP50: 72 | AQ50: =AP50 -> 72 | AR50: =AQ50 -> 72 | AS50: =IFERROR(AVERAGE(AP50:AR50),"") -> 72 | AT50: =AS50 -> 72 | AU50: 72 | AV50: 72 | AW50: 72 | AX50: =IFERROR(AVERAGE(AU50:AW50),"") -> 72 | AY50: 72 | AZ50: 80 | BA50: 80 | BC50: =IFERROR(AVERAGE(AZ50:BB50),"") -> 80 | BD50: 80 | BE50: 85 | BF50: 0 | BG50: 0 | BH50: =IFERROR(AVERAGE(BE50:BG50),"") -> 28.333333 | BI50: 76 | BJ50: 80 | BK50: 80 | BL50: 80 | BM50: =IFERROR(AVERAGE(BJ50:BL50),"") -> 80 | BN50: 80 | BO50: 79 | BP50: 80 | BQ50: 79 | BR50: =IFERROR(AVERAGE(BO50:BQ50),"") -> 79.333333 | BS50: 77 | BW50: =IFERROR(AVERAGE(BT50:BV50),"") | CB50: =IFERROR(AVERAGE(BY50:CA50),"") | CG50: =IFERROR(AVERAGE(CD50:CF50),"")
J51: =IFERROR(AVERAGE(G51:I51),"") | O51: =IFERROR(AVERAGE(L51:N51),"") | T51: =IFERROR(AVERAGE(Q51:S51),"") | Y51: =IFERROR(AVERAGE(V51:X51),"") | AD51: =IFERROR(AVERAGE(AA51:AC51),"") | AI51: =IFERROR(AVERAGE(AF51:AH51),"") | AN51: =IFERROR(AVERAGE(AK51:AM51),"") | AS51: =IFERROR(AVERAGE(AP51:AR51),"") | AX51: =IFERROR(AVERAGE(AU51:AW51),"") | BC51: =IFERROR(AVERAGE(AZ51:BB51),"") | BH51: =IFERROR(AVERAGE(BE51:BG51),"") | BM51: =IFERROR(AVERAGE(BJ51:BL51),"") | BR51: =IFERROR(AVERAGE(BO51:BQ51),"") | BW51: =IFERROR(AVERAGE(BT51:BV51),"") | CB51: =IFERROR(AVERAGE(BY51:CA51),"") | CG51: =IFERROR(AVERAGE(CD51:CF51),"")
J52: =IFERROR(AVERAGE(G52:I52),"") | O52: =IFERROR(AVERAGE(L52:N52),"") | T52: =IFERROR(AVERAGE(Q52:S52),"") | Y52: =IFERROR(AVERAGE(V52:X52),"") | AD52: =IFERROR(AVERAGE(AA52:AC52),"") | AI52: =IFERROR(AVERAGE(AF52:AH52),"") | AN52: =IFERROR(AVERAGE(AK52:AM52),"") | AS52: =IFERROR(AVERAGE(AP52:AR52),"") | AX52: =IFERROR(AVERAGE(AU52:AW52),"") | BC52: =IFERROR(AVERAGE(AZ52:BB52),"") | BH52: =IFERROR(AVERAGE(BE52:BG52),"") | BM52: =IFERROR(AVERAGE(BJ52:BL52),"") | BR52: =IFERROR(AVERAGE(BO52:BQ52),"") | BW52: =IFERROR(AVERAGE(BT52:BV52),"") | CB52: =IFERROR(AVERAGE(BY52:CA52),"") | CG52: =IFERROR(AVERAGE(CD52:CF52),"")
J53: =IFERROR(AVERAGE(G53:I53),"") | O53: =IFERROR(AVERAGE(L53:N53),"") | T53: =IFERROR(AVERAGE(Q53:S53),"") | Y53: =IFERROR(AVERAGE(V53:X53),"") | AD53: =IFERROR(AVERAGE(AA53:AC53),"") | AI53: =IFERROR(AVERAGE(AF53:AH53),"") | AN53: =IFERROR(AVERAGE(AK53:AM53),"") | AS53: =IFERROR(AVERAGE(AP53:AR53),"") | AX53: =IFERROR(AVERAGE(AU53:AW53),"") | BC53: =IFERROR(AVERAGE(AZ53:BB53),"") | BH53: =IFERROR(AVERAGE(BE53:BG53),"") | BM53: =IFERROR(AVERAGE(BJ53:BL53),"") | BR53: =IFERROR(AVERAGE(BO53:BQ53),"") | BW53: =IFERROR(AVERAGE(BT53:BV53),"") | CB53: =IFERROR(AVERAGE(BY53:CA53),"") | CG53: =IFERROR(AVERAGE(CD53:CF53),"")
Y54: =IFERROR(AVERAGE(V54:X54),"") | AD54: =IFERROR(AVERAGE(AA54:AC54),"") | BW54: =IFERROR(AVERAGE(BT54:BV54),"")

Sheet GAB-SUM
A1: NO | B1: NIS LAMA | C1: NIS | D1: NISN | E1: NAMA RAPORT | F1: KELAS | G1: SEMESTER | H1: PAI SUMATIF 1 | I1: PAI SUMATIF 2 | J1: PAI SUMATIF 3 | K1: PAI RATA-RATA SUMATIF | L1: PAI NILAI SUMATIF AKHIR | M1: PKN SUMATIF 1 | N1: PKN SUMATIF 2 | O1: PKN SUMATIF 3 | P1: PKN RATA-RATA SUMATIF | Q1: PKN NILAI SUMATIF AKHIR | R1: B. INDONESIA SUMATIF 1 | S1: B. INDONESIA SUMATIF 2 | T1: B. INDONESIA SUMATIF 3 | U1: B. INDONESIA RATA-RATA SUMATIF | V1: B. INDONESIA NILAI SUMATIF AKHIR | W1: PJOK SUMATIF 1 | X1: PJOK SUMATIF 2 | Y1: PJOK SUMATIF 3 | Z1: PJOK RATA-RATA SUMATIF | AA1: PJOK NILAI SUMATIF AKHIR | AB1: SEJARAH SUMATIF 1 | AC1: SEJARAH SUMATIF 2 | AD1: SEJARAH SUMATIF 3 | AE1: SEJARAH RATA-RATA SUMATIF | AF1: SEJARAH NILAI SUMATIF AKHIR | AG1: SENI BUDAYA SUMATIF 1 | AH1: SENI BUDAYA SUMATIF 2 | AI1: SENI BUDAYA SUMATIF 3 | AJ1: SENI BUDAYA RATA-RATA SUMATIF | AK1: SENI BUDAYA NILAI SUMATIF AKHIR | AL1: B. SUNDA SUMATIF 1 | AM1: B. SUNDA SUMATIF 2 | AN1: B. SUNDA SUMATIF 3 | AO1: B. SUNDA RATA-RATA SUMATIF | AP1: B. SUNDA NILAI SUMATIF AKHIR | AQ1: MATEMATIKA SUMATIF 1 | AR1: MATEMATIKA SUMATIF 2 | AS1: MATEMATIKA SUMATIF 3 | AT1: MATEMATIKA RATA-RATA SUMATIF | AU1: MATEMATIKA NILAI SUMATIF AKHIR | AV1: B. INGGRIS SUMATIF 1 | AW1: B. INGGRIS SUMATIF 2 | AX1: B. INGGRIS SUMATIF 3 | AY1: B. INGGRIS RATA-RATA SUMATIF | AZ1: B. INGGRIS NILAI SUMATIF AKHIR | BA1: INFORMATIKA SUMATIF 1 | BB1: INFORMATIKA SUMATIF 2 | BC1: INFORMATIKA SUMATIF 3 | BD1: INFORMATIKA RATA-RATA SUMATIF | BE1: INFORMATIKA NILAI SUMATIF AKHIR | BF1: PROJEK IPAS SUMATIF 1 | BG1: PROJEK IPAS SUMATIF 2 | BH1: PROJEK IPAS SUMATIF 3 | BI1: PROJEK IPAS RATA-RATA SUMATIF | BJ1: PROJEK IPAS NILAI SUMATIF AKHIR | BK1: DDPK SUMATIF 1 | BL1: DDPK SUMATIF 2 | BM1: DDPK SUMATIF 3 | BN1: DDPK RATA-RATA SUMATIF | BO1: DDPK NILAI SUMATIF AKHIR | BP1: KONS. KEAHLIAN SUMATIF 1 | BQ1: KONS. KEAHLIAN SUMATIF 2 | BR1: KONS. KEAHLIAN SUMATIF 3 | BS1: KONS. KEAHLIAN RATA-RATA SUMATIF | BT1: KONS. KEAHLIAN NILAI SUMATIF AKHIR | BU1: PKK SUMATIF 1 | BV1: PKK SUMATIF 2 | BW1: PKK SUMATIF 3 | BX1: PKK RATA-RATA SUMATIF | BY1: PKK NILAI SUMATIF AKHIR | BZ1: MAPEL PILIHAN SUMATIF 1 | CA1: MAPEL PILIHAN SUMATIF 2 | CB1: MAPEL PILIHAN SUMATIF 3 | CC1: MAPEL PILIHAN RATA-RATA SUMATIF | CD1: MAPEL PILIHAN NILAI SUMATIF AKHIR
A2: NO | B2: NIS LAMA | C2: NIS | D2: NISN | E2: NAMA RAPORT | F2: KELAS | G2: SEMESTER | H2: 🕌 | I2: PAI | M2: 🏛️ | N2: PKN | R2: 📖 | S2: B. INDONESIA | W2: ⚽ | X2: PJOK | AB2: 📜 | AC2: SEJARAH | AG2: 🎨 | AH2: SENI BUDAYA | AL2: 🏞️ | AM2: B. SUNDA | AQ2: ✖️ ➖ | AR2: MATEMATIKA | AV2: 📘 | AW2: B. INGGRIS | BA2: 💻 | BB2: INFORMATIKA | BF2: 🔬 | BG2: PROJEK IPAS | BK2: 🛠️ | BL2: DDPK | BP2: 🚗 | BQ2: KONS. KEAHLIAN | BU2: 💰 | BV2: PKK | BZ2: 🎯 | CA2: MAPEL PILIHAN
H3: SUMATIF 1 | I3: SUMATIF 2 | J3: SUMATIF 3 | K3: RATA-RATA SUMATIF | L3: NILAI SUMATIF AKHIR | M3: SUMATIF 1 | N3: SUMATIF 2 | O3: SUMATIF 3 | P3: RATA-RATA SUMATIF | Q3: NILAI SUMATIF AKHIR | R3: SUMATIF 1 | S3: SUMATIF 2 | T3: SUMATIF 3 | U3: RATA-RATA SUMATIF | V3: NILAI SUMATIF AKHIR | W3: SUMATIF 1 | X3: SUMATIF 2 | Y3: SUMATIF 3 | Z3: RATA-RATA SUMATIF | AA3: NILAI SUMATIF AKHIR | AB3: SUMATIF 1 | AC3: SUMATIF 2 | AD3: SUMATIF 3 | AE3: RATA-RATA SUMATIF | AF3: NILAI SUMATIF AKHIR | AG3: SUMATIF 1 | AH3: SUMATIF 2 | AI3: SUMATIF 3 | AJ3: RATA-RATA SUMATIF | AK3: NILAI SUMATIF AKHIR | AL3: SUMATIF 1 | AM3: SUMATIF 2 | AN3: SUMATIF 3 | AO3: RATA-RATA SUMATIF | AP3: NILAI SUMATIF AKHIR | AQ3: SUMATIF 1 | AR3: SUMATIF 2 | AS3: SUMATIF 3 | AT3: RATA-RATA SUMATIF | AU3: NILAI SUMATIF AKHIR | AV3: SUMATIF 1 | AW3: SUMATIF 2 | AX3: SUMATIF 3 | AY3: RATA-RATA SUMATIF | AZ3: NILAI SUMATIF AKHIR | BA3: SUMATIF 1 | BB3: SUMATIF 2 | BC3: SUMATIF 3 | BD3: RATA-RATA SUMATIF | BE3: NILAI SUMATIF AKHIR | BF3: SUMATIF 1 | BG3: SUMATIF 2 | BH3: SUMATIF 3 | BI3: RATA-RATA SUMATIF | BJ3: NILAI SUMATIF AKHIR | BK3: SUMATIF 1 | BL3: SUMATIF 2 | BM3: SUMATIF 3 | BN3: RATA-RATA SUMATIF | BO3: NILAI SUMATIF AKHIR | BP3: SUMATIF 1 | BQ3: SUMATIF 2 | BR3: SUMATIF 3 | BS3: RATA-RATA SUMATIF | BT3: NILAI SUMATIF AKHIR | BU3: SUMATIF 1 | BV3: SUMATIF 2 | BW3: SUMATIF 3 | BX3: RATA-RATA SUMATIF | BY3: NILAI SUMATIF AKHIR | BZ3: SUMATIF 1 | CA3: SUMATIF 2 | CB3: SUMATIF 3 | CC3: RATA-RATA SUMATIF | CD3: NILAI SUMATIF AKHIR

Sheet GAB-CK
A1: NO | B1: NIS | C1: NISN | D1: NAMA | E1: KELAS | F1: SEMESTER | G1: PAI RATA-RATA SUMATIF | H1: PAI NILAI SUMATIF AKHIR | I1: PKN RATA-RATA SUMATIF | J1: PKN NILAI SUMATIF AKHIR | K1: B. INDONESIA RATA-RATA SUMATIF | L1: B. INDONESIA NILAI SUMATIF AKHIR | M1: PJOK RATA-RATA SUMATIF | N1: PJOK NILAI SUMATIF AKHIR | O1: SEJARAH RATA-RATA SUMATIF | P1: SEJARAH NILAI SUMATIF AKHIR | Q1: SENI BUDAYA RATA-RATA SUMATIF | R1: SENI BUDAYA NILAI SUMATIF AKHIR | S1: B. SUNDA RATA-RATA SUMATIF | T1: B. SUNDA NILAI SUMATIF AKHIR | U1: MATEMATIKA RATA-RATA SUMATIF | V1: MATEMATIKA NILAI SUMATIF AKHIR | W1: B. INGGRIS RATA-RATA SUMATIF | X1: B. INGGRIS NILAI SUMATIF AKHIR | Y1: INFORMATIKA RATA-RATA SUMATIF | Z1: INFORMATIKA NILAI SUMATIF AKHIR | AA1: PROJEK IPAS RATA-RATA SUMATIF | AB1: PROJEK IPAS NILAI SUMATIF AKHIR | AC1: DDPK RATA-RATA SUMATIF | AD1: DDPK NILAI SUMATIF AKHIR | AE1: KONS. KEAHLIAN RATA-RATA SUMATIF | AF1: KONS. KEAHLIAN NILAI SUMATIF AKHIR | AG1: PKK RATA-RATA SUMATIF | AH1: PKK NILAI SUMATIF AKHIR | AI1: MAPEL PILIHAN RATA-RATA SUMATIF | AJ1: MAPEL PILIHAN NILAI SUMATIF AKHIR | AO1: EKSKUL-1 | AP1: EKSKUL-2 | AQ1: PREDIKAT-1 | AR1: PREDIKAT-2 | AS1: KET-1 | AT1: KET-2 | AU1: SAKIT | AV1: IZIN | AW1: TANPA KETERANGAN | AX1: CATATAN WALI KELAS | AY1: NAIK OR TINGGAL
A2: NO | B2: NIS | C2: NISN | D2: NAMA | E2: KELAS | F2: SEMESTER | G2: PAI | H2: CP PAI | I2: PKN | J2: CP PKN | K2: B. INDONESIA | L2: CP B. INDONESIA | M2: PJOK | N2: CP PJOK | O2: SEJARAH | P2: CP SEJARAH | Q2: SENI BUDAYA | R2: CP SENI BUDAYA | S2: B. SUNDA | T2: CP B. SUNDA | U2: MTK | V2: CP MTK | W2: B. INGGRIS | X2: CP B. INGGRIS | Y2: INFORMATIKA | Z2: CP INFORMATIKA | AA2: PROJEK IPAS | AB2: CP PROJEK IPAS | AC2: DDPK | AD2: CP DDPK | AE2: KONS. KEAHLIAN | AF2: CP KK | AG2: PKK | AH2: CP PKK | AI2: MAPEL PILIHAN | AJ2: CP MAPEL PILIHAN | AK2: TEMPAT PKL | AL2: ALAMAT PKL | AM2: NILAI PKL | AN2: NILAI UKK | AO2: EKSKUL-1 | AP2: EKSKUL-2 | AQ2: PREDIKAT-1 | AR2: PREDIKAT-2 | AS2: KET-1 | AT2: KET-2 | AU2: SAKIT | AV2: IZIN | AW2: TANPA KETERANGAN | AX2: CATATAN WALI KELAS | AY2: NAIK OR TINGGAL

Sheet PEMBENTUK US
A1: 1 | B1: 2 | C1: 3 | D1: 4 | E1: 5 | F1: 6 | G1: 7 | H1: 9 | J1: 10 | K1: 11 | L1: 12 | M1: 13 | N1: 14 | O1: 15 | P1: 16 | Q1: 17 | R1: 18 | S1: 19 | T1: 20 | U1: 21 | V1: 22 | W1: 23 | X1: 24 | Y1: 25 | Z1: 26 | AA1: 27 | AB1: 28 | AC1: 29 | AD1: 30 | AE1: 31 | AF1: 32 | AG1: 33 | AH1: 34 | AI1: 35 | AJ1: 36 | AK1: 37 | AL1: 38 | AM1: 39 | AN1: 40 | AO1: 41 | AP1: 42 | AQ1: 43 | AR1: 44 | AS1: 45 | AT1: 46 | AU1: 47 | AV1: 48 | AW1: 49 | AX1: 50 | AY1: 51 | AZ1: 52 | BA1: 53 | BB1: 54 | BC1: 55 | BD1: 56 | BE1: 57 | BF1: 58 | BG1: 59 | BH1: 60 | BI1: 61 | BJ1: 62 | BK1: 63 | BL1: 64 | BM1: 65 | BN1: 66 | BO1: 62 | BP1: 63 | BQ1: 64 | BR1: 65 | BS1: 66 | BT1: 67 | BU1: 68 | BV1: 69 | BW1: 70 | BX1: 71 | BY1: 72 | BZ1: 73 | CA1: 74 | CB1: 75 | CC1: 76 | CD1: 77 | CE1: 78 | CF1: 79 | CG1: 80 | CH1: 81
A2: =A3 -> NO | B2: =B3 -> NIS | C2: =C3 -> NISN | D2: =D3 -> NAMA | E2: =E3 -> KELAS | F2: =F3 -> SEMESTER | G2: =$H3&" "&G4 -> PAI Penugasan | H2: =$H3&" "&H4 -> PAI Tes Tertulis | I2: =$H3&" "&I4 -> PAI Praktik | J2: =$H3&" "&J4 -> PAI - | K2: =$H3&" "&K4 -> PAI - | L2: =$M3&" "&L4 -> PKN Penugasan | M2: =$M3&" "&M4 -> PKN Tes Tertulis | N2: =$M3&" "&N4 -> PKN Praktik | O2: =$M3&" "&O4 -> PKN - | P2: =$M3&" "&P4 -> PKN - | Q2: =$R3&" "&Q4 -> B. INDONESIA Penugasan | R2: =$R3&" "&R4 -> B. INDONESIA Tes Tertulis | S2: =$R3&" "&S4 -> B. INDONESIA Praktik | T2: =$R3&" "&T4 -> B. INDONESIA - | U2: =$R3&" "&U4 -> B. INDONESIA - | V2: =$W3&" "&V4 -> PJOK Penugasan | W2: =$W3&" "&W4 -> PJOK Tes Tertulis | X2: =$W3&" "&X4 -> PJOK Praktik | Y2: =$W3&" "&Y4 -> PJOK - | Z2: =$W3&" "&Z4 -> PJOK - | AA2: =$AB3&" "&AA4 -> SEJARAH Penugasan | AB2: =$AB3&" "&AB4 -> SEJARAH Tes Tertulis | AC2: =$AB3&" "&AC4 -> SEJARAH Praktik | AD2: =$AB3&" "&AD4 -> SEJARAH - | AE2: =$AB3&" "&AE4 -> SEJARAH - | AF2: =$AG3&" "&AF4 -> SENI BUDAYA Penugasan | AG2: =$AG3&" "&AG4 -> SENI BUDAYA Tes Tertulis | AH2: =$AG3&" "&AH4 -> SENI BUDAYA Praktik | AI2: =$AG3&" "&AI4 -> SENI BUDAYA - | AJ2: =$AG3&" "&AJ4 -> SENI BUDAYA - | AK2: =$AL3&" "&AK4 -> B. SUNDA Penugasan | AL2: =$AL3&" "&AL4 -> B. SUNDA Tes Tertulis | AM2: =$AL3&" "&AM4 -> B. SUNDA Praktik | AN2: =$AL3&" "&AN4 -> B. SUNDA - | AO2: =$AL3&" "&AO4 -> B. SUNDA - | AP2: =$AQ3&" "&AP4 -> MATEMATIKA Penugasan | AQ2: =$AQ3&" "&AQ4 -> MATEMATIKA Tes Tertulis | AR2: =$AQ3&" "&AR4 -> MATEMATIKA Praktik | AS2: =$AQ3&" "&AS4 -> MATEMATIKA - | AT2: =$AQ3&" "&AT4 -> MATEMATIKA - | AU2: =$AV3&" "&AU4 -> B. INGGRIS Penugasan | AV2: =$AV3&" "&AV4 -> B. INGGRIS Tes Tertulis | AW2: =$AV3&" "&AW4 -> B. INGGRIS Praktik | AX2: =$AV3&" "&AX4 -> B. INGGRIS - | AY2: =$AV3&" "&AY4 -> B. INGGRIS - | AZ2: =$BA3&" "&AZ4 -> INFORMATIKA Penugasan | BA2: =$BA3&" "&BA4 -> INFORMATIKA Tes Tertulis | BB2: =$BA3&" "&BB4 -> INFORMATIKA Praktik | BC2: =$BA3&" "&BC4 -> INFORMATIKA - | BD2: =$BA3&" "&BD4 -> INFORMATIKA - | BE2: =$BF3&" "&BE4 -> PROJEK IPAS Penugasan | BF2: =$BF3&" "&BF4 -> PROJEK IPAS Tes Tertulis | BG2: =$BF3&" "&BG4 -> PROJEK IPAS Praktik | BH2: =$BF3&" "&BH4 -> PROJEK IPAS - | BI2: =$BF3&" "&BI4 -> PROJEK IPAS - | BJ2: =$BK3&" "&BJ4 -> DDPK Penugasan | BK2: =$BK3&" "&BK4 -> DDPK Tes Tertulis | BL2: =$BK3&" "&BL4 -> DDPK Praktik | BM2: =$BK3&" "&BM4 -> DDPK - | BN2: =$BK3&" "&BN4 -> DDPK - | BO2: =$BP3&" "&BO4 -> KODING Penugasan | BP2: =$BP3&" "&BP4 -> KODING Tes Tertulis | BQ2: =$BP3&" "&BQ4 -> KODING Praktik | BR2: =$BP3&" "&BR4 -> KODING - | BS2: =$BP3&" "&BS4 -> KODING - | BT2: =$BU3&" "&BT4 -> KONSENTRASI KEAHLIAN Penugasan | BU2: =$BU3&" "&BU4 -> KONSENTRASI KEAHLIAN Tes Tertulis | BV2: =$BU3&" "&BV4 -> KONSENTRASI KEAHLIAN Praktik | BW2: =$BU3&" "&BW4 -> KONSENTRASI KEAHLIAN - | BX2: =$BU3&" "&BX4 -> KONSENTRASI KEAHLIAN - | BY2: =$BZ3&" "&BY4 -> PKK Penugasan | BZ2: =$BZ3&" "&BZ4 -> PKK Tes Tertulis | CA2: =$BZ3&" "&CA4 -> PKK Praktik | CB2: =$BZ3&" "&CB4 -> PKK - | CC2: =$BZ3&" "&CC4 -> PKK - | CD2: =$CE3&" "&CD4 -> MAPEL PILIHAN Penugasan | CE2: =$CE3&" "&CE4 -> MAPEL PILIHAN Tes Tertulis | CF2: =$CE3&" "&CF4 -> MAPEL PILIHAN Praktik | CG2: =$CE3&" "&CG4 -> MAPEL PILIHAN - | CH2: =$CE3&" "&CH4 -> MAPEL PILIHAN -
A3: NO | B3: NIS | C3: NISN | D3: NAMA | E3: KELAS | F3: SEMESTER | G3: 🕌 | H3: PAI | L3: 🏛️ | M3: PKN | Q3: 📖 | R3: B. INDONESIA | V3: ⚽ | W3: PJOK | AA3: 📜 | AB3: SEJARAH | AF3: 🎨 | AG3: SENI BUDAYA | AK3: 🏞️ | AL3: B. SUNDA | AP3: ✖️ ➖ | AQ3: MATEMATIKA | AU3: 📘 | AV3: B. INGGRIS | AZ3: 💻 | BA3: INFORMATIKA | BE3: 🔬 | BF3: PROJEK IPAS | BJ3: 🛠️ | BK3: DDPK | BO3: 👨🏻‍💻 | BP3: KODING | BT3: 🚗 | BU3: KONSENTRASI KEAHLIAN | BY3: 💰 | BZ3: PKK | CD3: 🎯 | CE3: MAPEL PILIHAN
G4: Penugasan | H4: Tes Tertulis | I4: Praktik | J4: - | K4: - | L4: Penugasan | M4: Tes Tertulis | N4: Praktik | O4: - | P4: - | Q4: Penugasan | R4: Tes Tertulis | S4: Praktik | T4: - | U4: - | V4: Penugasan | W4: Tes Tertulis | X4: Praktik | Y4: - | Z4: - | AA4: Penugasan | AB4: Tes Tertulis | AC4: Praktik | AD4: - | AE4: - | AF4: Penugasan | AG4: Tes Tertulis | AH4: Praktik | AI4: - | AJ4: - | AK4: Penugasan | AL4: Tes Tertulis | AM4: Praktik | AN4: - | AO4: - | AP4: Penugasan | AQ4: Tes Tertulis | AR4: Praktik | AS4: - | AT4: - | AU4: Penugasan | AV4: Tes Tertulis | AW4: Praktik | AX4: - | AY4: - | AZ4: Penugasan | BA4: Tes Tertulis | BB4: Praktik | BC4: - | BD4: - | BE4: Penugasan | BF4: Tes Tertulis | BG4: Praktik | BH4: - | BI4: - | BJ4: Penugasan | BK4: Tes Tertulis | BL4: Praktik | BM4: - | BN4: - | BO4: Penugasan | BP4: Tes Tertulis | BQ4: Praktik | BR4: - | BS4: - | BT4: Penugasan | BU4: Tes Tertulis | BV4: Praktik | BW4: - | BX4: - | BY4: Penugasan | BZ4: Tes Tertulis | CA4: Praktik | CB4: - | CC4: - | CD4: Penugasan | CE4: Tes Tertulis | CF4: Praktik | CG4: - | CH4: -
A5: =IFERROR(__xludf.DUMMYFUNCTION("QUERY(SETTING!$E$3:$I$56, ""SELECT * WHERE Col1 IS NOT NULL"") "),1.0) -> 1 | B5: =IFERROR(__xludf.DUMMYFUNCTION("""COMPUTED_VALUE"""),"2526100414") -> 2526100414 | C5: =IFERROR(__xludf.DUMMYFUNCTION("""COMPUTED_VALUE"""),"0098742051") -> 0098742051 | D5: =IFERROR(__xludf.DUMMYFUNCTION("""COMPUTED_VALUE"""),"AHMAD FAUZI") -> AHMAD FAUZI | E5: =IFERROR(__xludf.DUMMYFUNCTION("""COMPUTED_VALUE"""),"X TO 4") -> X TO 4 | F5: {=IF(D5:D54<>"",SETTING!$C$3,"")} -> Ganjil | J5: =IFERROR(AVERAGE(G5:H5),"") | O5: =IFERROR(AVERAGE(L5:N5),"") | T5: =IFERROR(AVERAGE(Q5:S5),"") | Y5: =IFERROR(AVERAGE(V5:X5),"") | AD5: =IFERROR(AVERAGE(AA5:AC5),"") | AI5: =IFERROR(AVERAGE(AF5:AH5),"") | AN5: =IFERROR(AVERAGE(AK5:AM5),"") | AS5: =IFERROR(AVERAGE(AP5:AR5),"") | AX5: =IFERROR(AVERAGE(AU5:AW5),"") | BC5: =IFERROR(AVERAGE(AZ5:BB5),"") | BH5: =IFERROR(AVERAGE(BE5:BG5),"") | BM5: =IFERROR(AVERAGE(BJ5:BL5),"") | BR5: =IFERROR(AVERAGE(BO5:BQ5),"") | BW5: =IFERROR(AVERAGE(BT5:BV5),"") | CB5: =IFERROR(AVERAGE(BY5:CA5),"") | CG5: =IFERROR(AVERAGE(CD5:CF5),"")
A6: =IFERROR(__xludf.DUMMYFUNCTION("""COMPUTED_VALUE"""),2.0) -> 2 | B6: =IFERROR(__xludf.DUMMYFUNCTION("""COMPUTED_VALUE"""),"2526100415") -> 2526100415 | C6: =IFERROR(__xludf.DUMMYFUNCTION("""COMPUTED_VALUE"""),"0094541761") -> 0094541761 | D6: =IFERROR(__xludf.DUMMYFUNCTION("""COMPUTED_VALUE"""),"AHMAD YOPI JUMAEDI") -> AHMAD YOPI JUMAEDI | E6: =IFERROR(__xludf.DUMMYFUNCTION("""COMPUTED_VALUE"""),"X TO 4") -> X TO 4 | F6: Ganjil | J6: =IFERROR(AVERAGE(G6:H6),"") | O6: =IFERROR(AVERAGE(L6:N6),"") | T6: =IFERROR(AVERAGE(Q6:S6),"") | Y6: =IFERROR(AVERAGE(V6:X6),"") | AD6: =IFERROR(AVERAGE(AA6:AC6),"") | AI6: =IFERROR(AVERAGE(AF6:AH6),"") | AN6: =IFERROR(AVERAGE(AK6:AM6),"") | AS6: =IFERROR(AVERAGE(AP6:AR6),"") | AX6: =IFERROR(AVERAGE(AU6:AW6),"") | BC6: =IFERROR(AVERAGE(AZ6:BB6),"") | BH6: =IFERROR(AVERAGE(BE6:BG6),"") | BM6: =IFERROR(AVERAGE(BJ6:BL6),"") | BR6: =IFERROR(AVERAGE(BO6:BQ6),"") | BW6: =IFERROR(AVERAGE(BT6:BV6),"") | CB6: =IFERROR(AVERAGE(BY6:CA6),"") | CG6: =IFERROR(AVERAGE(CD6:CF6),"")
A7: =IFERROR(__xludf.DUMMYFUNCTION("""COMPUTED_VALUE"""),3.0) -> 3 | B7: =IFERROR(__xludf.DUMMYFUNCTION("""COMPUTED_VALUE"""),"2526100416") -> 2526100416 | C7: =IFERROR(__xludf.DUMMYFUNCTION("""COMPUTED_VALUE"""),"0095885037") -> 0095885037 | D7: =IFERROR(__xludf.DUMMYFUNCTION("""COMPUTED_VALUE"""),"ALGI FALGIAN") -> ALGI FALGIAN | E7: =IFERROR(__xludf.DUMMYFUNCTION("""COMPUTED_VALUE"""),"X TO 4") -> X TO 4 | F7: Ganjil | J7: =IFERROR(AVERAGE(G7:H7),"") | O7: =IFERROR(AVERAGE(L7:N7),"") | T7: =IFERROR(AVERAGE(Q7:S7),"") | Y7: =IFERROR(AVERAGE(V7:X7),"") | AD7: =IFERROR(AVERAGE(AA7:AC7),"") | AI7: =IFERROR(AVERAGE(AF7:AH7),"") | AN7: =IFERROR(AVERAGE(AK7:AM7),"") | AS7: =IFERROR(AVERAGE(AP7:AR7),"") | AX7: =IFERROR(AVERAGE(AU7:AW7),"") | BC7: =IFERROR(AVERAGE(AZ7:BB7),"") | BH7: =IFERROR(AVERAGE(BE7:BG7),"") | BM7: =IFERROR(AVERAGE(BJ7:BL7),"") | BR7: =IFERROR(AVERAGE(BO7:BQ7),"") | BW7: =IFERROR(AVERAGE(BT7:BV7),"") | CB7: =IFERROR(AVERAGE(BY7:CA7),"") | CG7: =IFERROR(AVERAGE(CD7:CF7),"")
A8: =IFERROR(__xludf.DUMMYFUNCTION("""COMPUTED_VALUE"""),4.0) -> 4 | B8: =IFERROR(__xludf.DUMMYFUNCTION("""COMPUTED_VALUE"""),"2526100417") -> 2526100417 | C8: =IFERROR(__xludf.DUMMYFUNCTION("""COMPUTED_VALUE"""),"0095141993") -> 0095141993 | D8: =IFERROR(__xludf.DUMMYFUNCTION("""COMPUTED_VALUE"""),"ALI PERMANA") -> ALI PERMANA | E8: =IFERROR(__xludf.DUMMYFUNCTION("""COMPUTED_VALUE"""),"X TO 4") -> X TO 4 | F8: Ganjil | J8: =IFERROR(AVERAGE(G8:H8),"") | O8: =IFERROR(AVERAGE(L8:N8),"") | T8: =IFERROR(AVERAGE(Q8:S8),"") | Y8: =IFERROR(AVERAGE(V8:X8),"") | AD8: =IFERROR(AVERAGE(AA8:AC8),"") | AI8: =IFERROR(AVERAGE(AF8:AH8),"") | AN8: =IFERROR(AVERAGE(AK8:AM8),"") | AS8: =IFERROR(AVERAGE(AP8:AR8),"") | AX8: =IFERROR(AVERAGE(AU8:AW8),"") | BC8: =IFERROR(AVERAGE(AZ8:BB8),"") | BH8: =IFERROR(AVERAGE(BE8:BG8),"") | BM8: =IFERROR(AVERAGE(BJ8:BL8),"") | BR8: =IFERROR(AVERAGE(BO8:BQ8),"") | BW8: =IFERROR(AVERAGE(BT8:BV8),"") | CB8: =IFERROR(AVERAGE(BY8:CA8),"") | CG8: =IFERROR(AVERAGE(CD8:CF8),"")
A9: =IFERROR(__xludf.DUMMYFUNCTION("""COMPUTED_VALUE"""),5.0) -> 5 | B9: =IFERROR(__xludf.DUMMYFUNCTION("""COMPUTED_VALUE"""),"2526100418") -> 2526100418 | C9: =IFERROR(__xludf.DUMMYFUNCTION("""COMPUTED_VALUE"""),"0107198266") -> 0107198266 | D9: =IFERROR(__xludf.DUMMYFUNCTION("""COMPUTED_VALUE"""),"AZRIL EKA NUGRAHA") -> AZRIL EKA NUGRAHA | E9: =IFERROR(__xludf.DUMMYFUNCTION("""COMPUTED_VALUE"""),"X TO 4") -> X TO 4 | F9: Ganjil | J9: =IFERROR(AVERAGE(G9:H9),"") | O9: =IFERROR(AVERAGE(L9:N9),"") | T9: =IFERROR(AVERAGE(Q9:S9),"") | Y9: =IFERROR(AVERAGE(V9:X9),"") | AD9: =IFERROR(AVERAGE(AA9:AC9),"") | AI9: =IFERROR(AVERAGE(AF9:AH9),"") | AN9: =IFERROR(AVERAGE(AK9:AM9),"") | AS9: =IFERROR(AVERAGE(AP9:AR9),"") | AX9: =IFERROR(AVERAGE(AU9:AW9),"") | BC9: =IFERROR(AVERAGE(AZ9:BB9),"") | BH9: =IFERROR(AVERAGE(BE9:BG9),"") | BM9: =IFERROR(AVERAGE(BJ9:BL9),"") | BR9: =IFERROR(AVERAGE(BO9:BQ9),"") | BW9: =IFERROR(AVERAGE(BT9:BV9),"") | CB9: =IFERROR(AVERAGE(BY9:CA9),"") | CG9: =IFERROR(AVERAGE(CD9:CF9),"")
A10: =IFERROR(__xludf.DUMMYFUNCTION("""COMPUTED_VALUE"""),6.0) -> 6 | B10: =IFERROR(__xludf.DUMMYFUNCTION("""COMPUTED_VALUE"""),"2526100419") -> 2526100419 | C10: =IFERROR(__xludf.DUMMYFUNCTION("""COMPUTED_VALUE"""),"0096198310") -> 0096198310 | D10: =IFERROR(__xludf.DUMMYFUNCTION("""COMPUTED_VALUE"""),"DIKA MUSTIKA SAPUTRA") -> DIKA MUSTIKA SAPUTRA | E10: =IFERROR(__xludf.DUMMYFUNCTION("""COMPUTED_VALUE"""),"X TO 4") -> X TO 4 | F10: Ganjil | J10: =IFERROR(AVERAGE(G10:H10),"") | O10: =IFERROR(AVERAGE(L10:N10),"") | T10: =IFERROR(AVERAGE(Q10:S10),"") | Y10: =IFERROR(AVERAGE(V10:X10),"") | AD10: =IFERROR(AVERAGE(AA10:AC10),"") | AI10: =IFERROR(AVERAGE(AF10:AH10),"") | AN10: =IFERROR(AVERAGE(AK10:AM10),"") | AS10: =IFERROR(AVERAGE(AP10:AR10),"") | AX10: =IFERROR(AVERAGE(AU10:AW10),"") | BC10: =IFERROR(AVERAGE(AZ10:BB10),"") | BH10: =IFERROR(AVERAGE(BE10:BG10),"") | BM10: =IFERROR(AVERAGE(BJ10:BL10),"") | BR10: =IFERROR(AVERAGE(BO10:BQ10),"") | BW10: =IFERROR(AVERAGE(BT10:BV10),"") | CB10: =IFERROR(AVERAGE(BY10:CA10),"") | CG10: =IFERROR(AVERAGE(CD10:CF10),"")
A11: =IFERROR(__xludf.DUMMYFUNCTION("""COMPUTED_VALUE"""),7.0) -> 7 | B11: =IFERROR(__xludf.DUMMYFUNCTION("""COMPUTED_VALUE"""),"2526100420") -> 2526100420 | C11: =IFERROR(__xludf.DUMMYFUNCTION("""COMPUTED_VALUE"""),"0092542662") -> 0092542662 | D11: =IFERROR(__xludf.DUMMYFUNCTION("""COMPUTED_VALUE"""),"FAWAZ NAUPAL ALFATIR") -> FAWAZ NAUPAL ALFATIR | E11: =IFERROR(__xludf.DUMMYFUNCTION("""COMPUTED_VALUE"""),"X TO 4") -> X TO 4 | F11: Ganjil | J11: =IFERROR(AVERAGE(G11:H11),"") | O11: =IFERROR(AVERAGE(L11:N11),"") | T11: =IFERROR(AVERAGE(Q11:S11),"") | Y11: =IFERROR(AVERAGE(V11:X11),"") | AD11: =IFERROR(AVERAGE(AA11:AC11),"") | AI11: =IFERROR(AVERAGE(AF11:AH11),"") | AN11: =IFERROR(AVERAGE(AK11:AM11),"") | AS11: =IFERROR(AVERAGE(AP11:AR11),"") | AX11: =IFERROR(AVERAGE(AU11:AW11),"") | BC11: =IFERROR(AVERAGE(AZ11:BB11),"") | BH11: =IFERROR(AVERAGE(BE11:BG11),"") | BM11: =IFERROR(AVERAGE(BJ11:BL11),"") | BR11: =IFERROR(AVERAGE(BO11:BQ11),"") | BW11: =IFERROR(AVERAGE(BT11:BV11),"") | CB11: =IFERROR(AVERAGE(BY11:CA11),"") | CG11: =IFERROR(AVERAGE(CD11:CF11),"")
A12: =IFERROR(__xludf.DUMMYFUNCTION("""COMPUTED_VALUE"""),8.0) -> 8 | B12: =IFERROR(__xludf.DUMMYFUNCTION("""COMPUTED_VALUE"""),"2526100421") -> 2526100421 | C12: =IFERROR(__xludf.DUMMYFUNCTION("""COMPUTED_VALUE"""),"0107343620") -> 0107343620 | D12: =IFERROR(__xludf.DUMMYFUNCTION("""COMPUTED_VALUE"""),"FIKRI AHMAD NAWAWI") -> FIKRI AHMAD NAWAWI | E12: =IFERROR(__xludf.DUMMYFUNCTION("""COMPUTED_VALUE"""),"X TO 4") -> X TO 4 | F12: Ganjil | J12: =IFERROR(AVERAGE(G12:H12),"") | O12: =IFERROR(AVERAGE(L12:N12),"") | T12: =IFERROR(AVERAGE(Q12:S12),"") | Y12: =IFERROR(AVERAGE(V12:X12),"") | AD12: =IFERROR(AVERAGE(AA12:AC12),"") | AI12: =IFERROR(AVERAGE(AF12:AH12),"") | AN12: =IFERROR(AVERAGE(AK12:AM12),"") | AS12: =IFERROR(AVERAGE(AP12:AR12),"") | AX12: =IFERROR(AVERAGE(AU12:AW12),"") | BC12: =IFERROR(AVERAGE(AZ12:BB12),"") | BH12: =IFERROR(AVERAGE(BE12:BG12),"") | BM12: =IFERROR(AVERAGE(BJ12:BL12),"") | BR12: =IFERROR(AVERAGE(BO12:BQ12),"") | BW12: =IFERROR(AVERAGE(BT12:BV12),"") | CB12: =IFERROR(AVERAGE(BY12:CA12),"") | CG12: =IFERROR(AVERAGE(CD12:CF12),"")
A13: =IFERROR(__xludf.DUMMYFUNCTION("""COMPUTED_VALUE"""),9.0) -> 9 | B13: =IFERROR(__xludf.DUMMYFUNCTION("""COMPUTED_VALUE"""),"2526100422") -> 2526100422 | C13: =IFERROR(__xludf.DUMMYFUNCTION("""COMPUTED_VALUE"""),"0076614788") -> 0076614788 | D13: =IFERROR(__xludf.DUMMYFUNCTION("""COMPUTED_VALUE"""),"HADI NURYADI") -> HADI NURYADI | E13: =IFERROR(__xludf.DUMMYFUNCTION("""COMPUTED_VALUE"""),"X TO 4") -> X TO 4 | F13: Ganjil | J13: =IFERROR(AVERAGE(G13:H13),"") | O13: =IFERROR(AVERAGE(L13:N13),"") | T13: =IFERROR(AVERAGE(Q13:S13),"") | Y13: =IFERROR(AVERAGE(V13:X13),"") | AD13: =IFERROR(AVERAGE(AA13:AC13),"") | AI13: =IFERROR(AVERAGE(AF13:AH13),"") | AN13: =IFERROR(AVERAGE(AK13:AM13),"") | AS13: =IFERROR(AVERAGE(AP13:AR13),"") | AX13: =IFERROR(AVERAGE(AU13:AW13),"") | BC13: =IFERROR(AVERAGE(AZ13:BB13),"") | BH13: =IFERROR(AVERAGE(BE13:BG13),"") | BM13: =IFERROR(AVERAGE(BJ13:BL13),"") | BR13: =IFERROR(AVERAGE(BO13:BQ13),"") | BW13: =IFERROR(AVERAGE(BT13:BV13),"") | CB13: =IFERROR(AVERAGE(BY13:CA13),"") | CG13: =IFERROR(AVERAGE(CD13:CF13),"")
A14: =IFERROR(__xludf.DUMMYFUNCTION("""COMPUTED_VALUE"""),10.0) -> 10 | B14: =IFERROR(__xludf.DUMMYFUNCTION("""COMPUTED_VALUE"""),"2526100423") -> 2526100423 | C14: =IFERROR(__xludf.DUMMYFUNCTION("""COMPUTED_VALUE"""),"0093759169") -> 0093759169 | D14: =IFERROR(__xludf.DUMMYFUNCTION("""COMPUTED_VALUE"""),"IBNU WANALI") -> IBNU WANALI | E14: =IFERROR(__xludf.DUMMYFUNCTION("""COMPUTED_VALUE"""),"X TO 4") -> X TO 4 | F14: Ganjil | J14: =IFERROR(AVERAGE(G14:H14),"") | O14: =IFERROR(AVERAGE(L14:N14),"") | T14: =IFERROR(AVERAGE(Q14:S14),"") | Y14: =IFERROR(AVERAGE(V14:X14),"") | AD14: =IFERROR(AVERAGE(AA14:AC14),"") | AI14: =IFERROR(AVERAGE(AF14:AH14),"") | AN14: =IFERROR(AVERAGE(AK14:AM14),"") | AS14: =IFERROR(AVERAGE(AP14:AR14),"") | AX14: =IFERROR(AVERAGE(AU14:AW14),"") | BC14: =IFERROR(AVERAGE(AZ14:BB14),"") | BH14: =IFERROR(AVERAGE(BE14:BG14),"") | BM14: =IFERROR(AVERAGE(BJ14:BL14),"") | BR14: =IFERROR(AVERAGE(BO14:BQ14),"") | BW14: =IFERROR(AVERAGE(BT14:BV14),"") | CB14: =IFERROR(AVERAGE(BY14:CA14),"") | CG14: =IFERROR(AVERAGE(CD14:CF14),"")
A15: =IFERROR(__xludf.DUMMYFUNCTION("""COMPUTED_VALUE"""),11.0) -> 11 | B15: =IFERROR(__xludf.DUMMYFUNCTION("""COMPUTED_VALUE"""),"2526100424") -> 2526100424 | C15: =IFERROR(__xludf.DUMMYFUNCTION("""COMPUTED_VALUE"""),"0095752965") -> 0095752965 | D15: =IFERROR(__xludf.DUMMYFUNCTION("""COMPUTED_VALUE"""),"IHSAN ABDULOH ") -> IHSAN ABDULOH | E15: =IFERROR(__xludf.DUMMYFUNCTION("""COMPUTED_VALUE"""),"X TO 4") -> X TO 4 | F15: Ganjil | J15: =IFERROR(AVERAGE(G15:H15),"") | O15: =IFERROR(AVERAGE(L15:N15),"") | T15: =IFERROR(AVERAGE(Q15:S15),"") | Y15: =IFERROR(AVERAGE(V15:X15),"") | AD15: =IFERROR(AVERAGE(AA15:AC15),"") | AI15: =IFERROR(AVERAGE(AF15:AH15),"") | AN15: =IFERROR(AVERAGE(AK15:AM15),"") | AS15: =IFERROR(AVERAGE(AP15:AR15),"") | AX15: =IFERROR(AVERAGE(AU15:AW15),"") | BC15: =IFERROR(AVERAGE(AZ15:BB15),"") | BH15: =IFERROR(AVERAGE(BE15:BG15),"") | BM15: =IFERROR(AVERAGE(BJ15:BL15),"") | BR15: =IFERROR(AVERAGE(BO15:BQ15),"") | BW15: =IFERROR(AVERAGE(BT15:BV15),"") | CB15: =IFERROR(AVERAGE(BY15:CA15),"") | CG15: =IFERROR(AVERAGE(CD15:CF15),"")
A16: =IFERROR(__xludf.DUMMYFUNCTION("""COMPUTED_VALUE"""),12.0) -> 12 | B16: =IFERROR(__xludf.DUMMYFUNCTION("""COMPUTED_VALUE"""),"2526100425") -> 2526100425 | C16: =IFERROR(__xludf.DUMMYFUNCTION("""COMPUTED_VALUE"""),"0095318140") -> 0095318140 | D16: =IFERROR(__xludf.DUMMYFUNCTION("""COMPUTED_VALUE"""),"INDRA NURMAN") -> INDRA NURMAN | E16: =IFERROR(__xludf.DUMMYFUNCTION("""COMPUTED_VALUE"""),"X TO 4") -> X TO 4 | F16: Ganjil | J16: =IFERROR(AVERAGE(G16:H16),"") | O16: =IFERROR(AVERAGE(L16:N16),"") | T16: =IFERROR(AVERAGE(Q16:S16),"") | Y16: =IFERROR(AVERAGE(V16:X16),"") | AD16: =IFERROR(AVERAGE(AA16:AC16),"") | AI16: =IFERROR(AVERAGE(AF16:AH16),"") | AN16: =IFERROR(AVERAGE(AK16:AM16),"") | AS16: =IFERROR(AVERAGE(AP16:AR16),"") | AX16: =IFERROR(AVERAGE(AU16:AW16),"") | BC16: =IFERROR(AVERAGE(AZ16:BB16),"") | BH16: =IFERROR(AVERAGE(BE16:BG16),"") | BM16: =IFERROR(AVERAGE(BJ16:BL16),"") | BR16: =IFERROR(AVERAGE(BO16:BQ16),"") | BW16: =IFERROR(AVERAGE(BT16:BV16),"") | CB16: =IFERROR(AVERAGE(BY16:CA16),"") | CG16: =IFERROR(AVERAGE(CD16:CF16),"")
A17: =IFERROR(__xludf.DUMMYFUNCTION("""COMPUTED_VALUE"""),13.0) -> 13 | B17: =IFERROR(__xludf.DUMMYFUNCTION("""COMPUTED_VALUE"""),"2526100426") -> 2526100426 | C17: =IFERROR(__xludf.DUMMYFUNCTION("""COMPUTED_VALUE"""),"3109448408") -> 3109448408 | D17: =IFERROR(__xludf.DUMMYFUNCTION("""COMPUTED_VALUE"""),"IWAN SOPYAN") -> IWAN SOPYAN | E17: =IFERROR(__xludf.DUMMYFUNCTION("""COMPUTED_VALUE"""),"X TO 4") -> X TO 4 | F17: Ganjil | J17: =IFERROR(AVERAGE(G17:H17),"") | O17: =IFERROR(AVERAGE(L17:N17),"") | T17: =IFERROR(AVERAGE(Q17:S17),"") | Y17: =IFERROR(AVERAGE(V17:X17),"") | AD17: =IFERROR(AVERAGE(AA17:AC17),"") | AI17: =IFERROR(AVERAGE(AF17:AH17),"") | AN17: =IFERROR(AVERAGE(AK17:AM17),"") | AS17: =IFERROR(AVERAGE(AP17:AR17),"") | AX17: =IFERROR(AVERAGE(AU17:AW17),"") | BC17: =IFERROR(AVERAGE(AZ17:BB17),"") | BH17: =IFERROR(AVERAGE(BE17:BG17),"") | BM17: =IFERROR(AVERAGE(BJ17:BL17),"") | BR17: =IFERROR(AVERAGE(BO17:BQ17),"") | BW17: =IFERROR(AVERAGE(BT17:BV17),"") | CB17: =IFERROR(AVERAGE(BY17:CA17),"") | CG17: =IFERROR(AVERAGE(CD17:CF17),"")
A18: =IFERROR(__xludf.DUMMYFUNCTION("""COMPUTED_VALUE"""),14.0) -> 14 | B18: =IFERROR(__xludf.DUMMYFUNCTION("""COMPUTED_VALUE"""),"2526100427") -> 2526100427 | C18: =IFERROR(__xludf.DUMMYFUNCTION("""COMPUTED_VALUE"""),"0097319943") -> 0097319943 | D18: =IFERROR(__xludf.DUMMYFUNCTION("""COMPUTED_VALUE"""),"JEJEN JAENI") -> JEJEN JAENI | E18: =IFERROR(__xludf.DUMMYFUNCTION("""COMPUTED_VALUE"""),"X TO 4") -> X TO 4 | F18: Ganjil | J18: =IFERROR(AVERAGE(G18:H18),"") | O18: =IFERROR(AVERAGE(L18:N18),"") | T18: =IFERROR(AVERAGE(Q18:S18),"") | Y18: =IFERROR(AVERAGE(V18:X18),"") | AD18: =IFERROR(AVERAGE(AA18:AC18),"") | AI18: =IFERROR(AVERAGE(AF18:AH18),"") | AN18: =IFERROR(AVERAGE(AK18:AM18),"") | AS18: =IFERROR(AVERAGE(AP18:AR18),"") | AX18: =IFERROR(AVERAGE(AU18:AW18),"") | BC18: =IFERROR(AVERAGE(AZ18:BB18),"") | BH18: =IFERROR(AVERAGE(BE18:BG18),"") | BM18: =IFERROR(AVERAGE(BJ18:BL18),"") | BR18: =IFERROR(AVERAGE(BO18:BQ18),"") | BW18: =IFERROR(AVERAGE(BT18:BV18),"") | CB18: =IFERROR(AVERAGE(BY18:CA18),"") | CG18: =IFERROR(AVERAGE(CD18:CF18),"")
A19: =IFERROR(__xludf.DUMMYFUNCTION("""COMPUTED_VALUE"""),15.0) -> 15 | B19: =IFERROR(__xludf.DUMMYFUNCTION("""COMPUTED_VALUE"""),"2526100428") -> 2526100428 | C19: =IFERROR(__xludf.DUMMYFUNCTION("""COMPUTED_VALUE"""),"0093753099") -> 0093753099 | D19: =IFERROR(__xludf.DUMMYFUNCTION("""COMPUTED_VALUE"""),"M.HASAN ASARI") -> M.HASAN ASARI | E19: =IFERROR(__xludf.DUMMYFUNCTION("""COMPUTED_VALUE"""),"X TO 4") -> X TO 4 | F19: Ganjil | J19: =IFERROR(AVERAGE(G19:H19),"") | O19: =IFERROR(AVERAGE(L19:N19),"") | T19: =IFERROR(AVERAGE(Q19:S19),"") | Y19: =IFERROR(AVERAGE(V19:X19),"") | AD19: =IFERROR(AVERAGE(AA19:AC19),"") | AI19: =IFERROR(AVERAGE(AF19:AH19),"") | AN19: =IFERROR(AVERAGE(AK19:AM19),"") | AS19: =IFERROR(AVERAGE(AP19:AR19),"") | AX19: =IFERROR(AVERAGE(AU19:AW19),"") | BC19: =IFERROR(AVERAGE(AZ19:BB19),"") | BH19: =IFERROR(AVERAGE(BE19:BG19),"") | BM19: =IFERROR(AVERAGE(BJ19:BL19),"") | BR19: =IFERROR(AVERAGE(BO19:BQ19),"") | BW19: =IFERROR(AVERAGE(BT19:BV19),"") | CB19: =IFERROR(AVERAGE(BY19:CA19),"") | CG19: =IFERROR(AVERAGE(CD19:CF19),"")
A20: =IFERROR(__xludf.DUMMYFUNCTION("""COMPUTED_VALUE"""),16.0) -> 16 | B20: =IFERROR(__xludf.DUMMYFUNCTION("""COMPUTED_VALUE"""),"2526100429") -> 2526100429 | C20: =IFERROR(__xludf.DUMMYFUNCTION("""COMPUTED_VALUE"""),"0105910447") -> 0105910447 | D20: =IFERROR(__xludf.DUMMYFUNCTION("""COMPUTED_VALUE"""),"MUHAMAD ABIB RIZAL") -> MUHAMAD ABIB RIZAL | E20: =IFERROR(__xludf.DUMMYFUNCTION("""COMPUTED_VALUE"""),"X TO 4") -> X TO 4 | F20: Ganjil | J20: =IFERROR(AVERAGE(G20:H20),"") | O20: =IFERROR(AVERAGE(L20:N20),"") | T20: =IFERROR(AVERAGE(Q20:S20),"") | Y20: =IFERROR(AVERAGE(V20:X20),"") | AD20: =IFERROR(AVERAGE(AA20:AC20),"") | AI20: =IFERROR(AVERAGE(AF20:AH20),"") | AN20: =IFERROR(AVERAGE(AK20:AM20),"") | AS20: =IFERROR(AVERAGE(AP20:AR20),"") | AX20: =IFERROR(AVERAGE(AU20:AW20),"") | BC20: =IFERROR(AVERAGE(AZ20:BB20),"") | BH20: =IFERROR(AVERAGE(BE20:BG20),"") | BM20: =IFERROR(AVERAGE(BJ20:BL20),"") | BR20: =IFERROR(AVERAGE(BO20:BQ20),"") | BW20: =IFERROR(AVERAGE(BT20:BV20),"") | CB20: =IFERROR(AVERAGE(BY20:CA20),"") | CG20: =IFERROR(AVERAGE(CD20:CF20),"")
A21: =IFERROR(__xludf.DUMMYFUNCTION("""COMPUTED_VALUE"""),17.0) -> 17 | B21: =IFERROR(__xludf.DUMMYFUNCTION("""COMPUTED_VALUE"""),"2526100430") -> 2526100430 | C21: =IFERROR(__xludf.DUMMYFUNCTION("""COMPUTED_VALUE"""),"0099084784") -> 0099084784 | D21: =IFERROR(__xludf.DUMMYFUNCTION("""COMPUTED_VALUE"""),"MUHAMAD AL FARIZ") -> MUHAMAD AL FARIZ | E21: =IFERROR(__xludf.DUMMYFUNCTION("""COMPUTED_VALUE"""),"X TO 4") -> X TO 4 | F21: Ganjil | J21: =IFERROR(AVERAGE(G21:H21),"") | O21: =IFERROR(AVERAGE(L21:N21),"") | T21: =IFERROR(AVERAGE(Q21:S21),"") | Y21: =IFERROR(AVERAGE(V21:X21),"") | AD21: =IFERROR(AVERAGE(AA21:AC21),"") | AI21: =IFERROR(AVERAGE(AF21:AH21),"") | AN21: =IFERROR(AVERAGE(AK21:AM21),"") | AS21: =IFERROR(AVERAGE(AP21:AR21),"") | AX21: =IFERROR(AVERAGE(AU21:AW21),"") | BC21: =IFERROR(AVERAGE(AZ21:BB21),"") | BH21: =IFERROR(AVERAGE(BE21:BG21),"") | BM21: =IFERROR(AVERAGE(BJ21:BL21),"") | BR21: =IFERROR(AVERAGE(BO21:BQ21),"") | BW21: =IFERROR(AVERAGE(BT21:BV21),"") | CB21: =IFERROR(AVERAGE(BY21:CA21),"") | CG21: =IFERROR(AVERAGE(CD21:CF21),"")
A22: =IFERROR(__xludf.DUMMYFUNCTION("""COMPUTED_VALUE"""),18.0) -> 18 | B22: =IFERROR(__xludf.DUMMYFUNCTION("""COMPUTED_VALUE"""),"2526100431") -> 2526100431 | C22: =IFERROR(__xludf.DUMMYFUNCTION("""COMPUTED_VALUE"""),"0092469837") -> 0092469837 | D22: =IFERROR(__xludf.DUMMYFUNCTION("""COMPUTED_VALUE"""),"MUHAMAD ASRUL") -> MUHAMAD ASRUL | E22: =IFERROR(__xludf.DUMMYFUNCTION("""COMPUTED_VALUE"""),"X TO 4") -> X TO 4 | F22: Ganjil | J22: =IFERROR(AVERAGE(G22:H22),"") | O22: =IFERROR(AVERAGE(L22:N22),"") | T22: =IFERROR(AVERAGE(Q22:S22),"") | Y22: =IFERROR(AVERAGE(V22:X22),"") | AD22: =IFERROR(AVERAGE(AA22:AC22),"") | AI22: =IFERROR(AVERAGE(AF22:AH22),"") | AN22: =IFERROR(AVERAGE(AK22:AM22),"") | AS22: =IFERROR(AVERAGE(AP22:AR22),"") | AX22: =IFERROR(AVERAGE(AU22:AW22),"") | BC22: =IFERROR(AVERAGE(AZ22:BB22),"") | BH22: =IFERROR(AVERAGE(BE22:BG22),"") | BM22: =IFERROR(AVERAGE(BJ22:BL22),"") | BR22: =IFERROR(AVERAGE(BO22:BQ22),"") | BW22: =IFERROR(AVERAGE(BT22:BV22),"") | CB22: =IFERROR(AVERAGE(BY22:CA22),"") | CG22: =IFERROR(AVERAGE(CD22:CF22),"")
A23: =IFERROR(__xludf.DUMMYFUNCTION("""COMPUTED_VALUE"""),19.0) -> 19 | B23: =IFERROR(__xludf.DUMMYFUNCTION("""COMPUTED_VALUE"""),"2526100432") -> 2526100432 | C23: =IFERROR(__xludf.DUMMYFUNCTION("""COMPUTED_VALUE"""),"0099940282") -> 0099940282 | D23: =IFERROR(__xludf.DUMMYFUNCTION("""COMPUTED_VALUE"""),"MUHAMAD FARHAN") -> MUHAMAD FARHAN | E23: =IFERROR(__xludf.DUMMYFUNCTION("""COMPUTED_VALUE"""),"X TO 4") -> X TO 4 | F23: Ganjil | J23: =IFERROR(AVERAGE(G23:H23),"") | O23: =IFERROR(AVERAGE(L23:N23),"") | T23: =IFERROR(AVERAGE(Q23:S23),"") | Y23: =IFERROR(AVERAGE(V23:X23),"") | AD23: =IFERROR(AVERAGE(AA23:AC23),"") | AI23: =IFERROR(AVERAGE(AF23:AH23),"") | AN23: =IFERROR(AVERAGE(AK23:AM23),"") | AS23: =IFERROR(AVERAGE(AP23:AR23),"") | AX23: =IFERROR(AVERAGE(AU23:AW23),"") | BC23: =IFERROR(AVERAGE(AZ23:BB23),"") | BH23: =IFERROR(AVERAGE(BE23:BG23),"") | BM23: =IFERROR(AVERAGE(BJ23:BL23),"") | BR23: =IFERROR(AVERAGE(BO23:BQ23),"") | BW23: =IFERROR(AVERAGE(BT23:BV23),"") | CB23: =IFERROR(AVERAGE(BY23:CA23),"") | CG23: =IFERROR(AVERAGE(CD23:CF23),"")
A24: =IFERROR(__xludf.DUMMYFUNCTION("""COMPUTED_VALUE"""),20.0) -> 20 | B24: =IFERROR(__xludf.DUMMYFUNCTION("""COMPUTED_VALUE"""),"2526100433") -> 2526100433 | C24: =IFERROR(__xludf.DUMMYFUNCTION("""COMPUTED_VALUE"""),"0088633294") -> 0088633294 | D24: =IFERROR(__xludf.DUMMYFUNCTION("""COMPUTED_VALUE"""),"MUHAMAD MIFTAH NASHIRUDIN") -> MUHAMAD MIFTAH NASHIRUDIN | E24: =IFERROR(__xludf.DUMMYFUNCTION("""COMPUTED_VALUE"""),"X TO 4") -> X TO 4 | F24: Ganjil | J24: =IFERROR(AVERAGE(G24:H24),"") | O24: =IFERROR(AVERAGE(L24:N24),"") | T24: =IFERROR(AVERAGE(Q24:S24),"") | Y24: =IFERROR(AVERAGE(V24:X24),"") | AD24: =IFERROR(AVERAGE(AA24:AC24),"") | AI24: =IFERROR(AVERAGE(AF24:AH24),"") | AN24: =IFERROR(AVERAGE(AK24:AM24),"") | AS24: =IFERROR(AVERAGE(AP24:AR24),"") | AX24: =IFERROR(AVERAGE(AU24:AW24),"") | BC24: =IFERROR(AVERAGE(AZ24:BB24),"") | BH24: =IFERROR(AVERAGE(BE24:BG24),"") | BM24: =IFERROR(AVERAGE(BJ24:BL24),"") | BR24: =IFERROR(AVERAGE(BO24:BQ24),"") | BW24: =IFERROR(AVERAGE(BT24:BV24),"") | CB24: =IFERROR(AVERAGE(BY24:CA24),"") | CG24: =IFERROR(AVERAGE(CD24:CF24),"")
A25: =IFERROR(__xludf.DUMMYFUNCTION("""COMPUTED_VALUE"""),21.0) -> 21 | B25: =IFERROR(__xludf.DUMMYFUNCTION("""COMPUTED_VALUE"""),"2526100434") -> 2526100434 | C25: =IFERROR(__xludf.DUMMYFUNCTION("""COMPUTED_VALUE"""),"0094805329") -> 0094805329 | D25: =IFERROR(__xludf.DUMMYFUNCTION("""COMPUTED_VALUE"""),"MUHAMAD NUR KHOLIS ROMDONI") -> MUHAMAD NUR KHOLIS ROMDONI | E25: =IFERROR(__xludf.DUMMYFUNCTION("""COMPUTED_VALUE"""),"X TO 4") -> X TO 4 | F25: Ganjil | J25: =IFERROR(AVERAGE(G25:H25),"") | O25: =IFERROR(AVERAGE(L25:N25),"") | T25: =IFERROR(AVERAGE(Q25:S25),"") | Y25: =IFERROR(AVERAGE(V25:X25),"") | AD25: =IFERROR(AVERAGE(AA25:AC25),"") | AI25: =IFERROR(AVERAGE(AF25:AH25),"") | AN25: =IFERROR(AVERAGE(AK25:AM25),"") | AS25: =IFERROR(AVERAGE(AP25:AR25),"") | AX25: =IFERROR(AVERAGE(AU25:AW25),"") | BC25: =IFERROR(AVERAGE(AZ25:BB25),"") | BH25: =IFERROR(AVERAGE(BE25:BG25),"") | BM25: =IFERROR(AVERAGE(BJ25:BL25),"") | BR25: =IFERROR(AVERAGE(BO25:BQ25),"") | BW25: =IFERROR(AVERAGE(BT25:BV25),"") | CB25: =IFERROR(AVERAGE(BY25:CA25),"") | CG25: =IFERROR(AVERAGE(CD25:CF25),"")
A26: =IFERROR(__xludf.DUMMYFUNCTION("""COMPUTED_VALUE"""),22.0) -> 22 | B26: =IFERROR(__xludf.DUMMYFUNCTION("""COMPUTED_VALUE"""),"2526100435") -> 2526100435 | C26: =IFERROR(__xludf.DUMMYFUNCTION("""COMPUTED_VALUE"""),"0098562523") -> 0098562523 | D26: =IFERROR(__xludf.DUMMYFUNCTION("""COMPUTED_VALUE"""),"MUHAMAD RIDWAN") -> MUHAMAD RIDWAN | E26: =IFERROR(__xludf.DUMMYFUNCTION("""COMPUTED_VALUE"""),"X TO 4") -> X TO 4 | F26: Ganjil | J26: =IFERROR(AVERAGE(G26:H26),"") | O26: =IFERROR(AVERAGE(L26:N26),"") | T26: =IFERROR(AVERAGE(Q26:S26),"") | Y26: =IFERROR(AVERAGE(V26:X26),"") | AD26: =IFERROR(AVERAGE(AA26:AC26),"") | AI26: =IFERROR(AVERAGE(AF26:AH26),"") | AN26: =IFERROR(AVERAGE(AK26:AM26),"") | AS26: =IFERROR(AVERAGE(AP26:AR26),"") | AX26: =IFERROR(AVERAGE(AU26:AW26),"") | BC26: =IFERROR(AVERAGE(AZ26:BB26),"") | BH26: =IFERROR(AVERAGE(BE26:BG26),"") | BM26: =IFERROR(AVERAGE(BJ26:BL26),"") | BR26: =IFERROR(AVERAGE(BO26:BQ26),"") | BW26: =IFERROR(AVERAGE(BT26:BV26),"") | CB26: =IFERROR(AVERAGE(BY26:CA26),"") | CG26: =IFERROR(AVERAGE(CD26:CF26),"")
A27: =IFERROR(__xludf.DUMMYFUNCTION("""COMPUTED_VALUE"""),23.0) -> 23 | B27: =IFERROR(__xludf.DUMMYFUNCTION("""COMPUTED_VALUE"""),"2526100436") -> 2526100436 | C27: =IFERROR(__xludf.DUMMYFUNCTION("""COMPUTED_VALUE"""),"0095384573") -> 0095384573 | D27: =IFERROR(__xludf.DUMMYFUNCTION("""COMPUTED_VALUE"""),"MUHAMAD RUDI RIVIANSYAH") -> MUHAMAD RUDI RIVIANSYAH | E27: =IFERROR(__xludf.DUMMYFUNCTION("""COMPUTED_VALUE"""),"X TO 4") -> X TO 4 | F27: Ganjil | J27: =IFERROR(AVERAGE(G27:H27),"") | O27: =IFERROR(AVERAGE(L27:N27),"") | T27: =IFERROR(AVERAGE(Q27:S27),"") | Y27: =IFERROR(AVERAGE(V27:X27),"") | AD27: =IFERROR(AVERAGE(AA27:AC27),"") | AI27: =IFERROR(AVERAGE(AF27:AH27),"") | AN27: =IFERROR(AVERAGE(AK27:AM27),"") | AS27: =IFERROR(AVERAGE(AP27:AR27),"") | AX27: =IFERROR(AVERAGE(AU27:AW27),"") | BC27: =IFERROR(AVERAGE(AZ27:BB27),"") | BH27: =IFERROR(AVERAGE(BE27:BG27),"") | BM27: =IFERROR(AVERAGE(BJ27:BL27),"") | BR27: =IFERROR(AVERAGE(BO27:BQ27),"") | BW27: =IFERROR(AVERAGE(BT27:BV27),"") | CB27: =IFERROR(AVERAGE(BY27:CA27),"") | CG27: =IFERROR(AVERAGE(CD27:CF27),"")
A28: =IFERROR(__xludf.DUMMYFUNCTION("""COMPUTED_VALUE"""),24.0) -> 24 | B28: =IFERROR(__xludf.DUMMYFUNCTION("""COMPUTED_VALUE"""),"2526100437") -> 2526100437 | C28: =IFERROR(__xludf.DUMMYFUNCTION("""COMPUTED_VALUE"""),"3098503903") -> 3098503903 | D28: =IFERROR(__xludf.DUMMYFUNCTION("""COMPUTED_VALUE"""),"MUHAMAD SALMAN") -> MUHAMAD SALMAN | E28: =IFERROR(__xludf.DUMMYFUNCTION("""COMPUTED_VALUE"""),"X TO 4") -> X TO 4 | F28: Ganjil | J28: =IFERROR(AVERAGE(G28:H28),"") | O28: =IFERROR(AVERAGE(L28:N28),"") | T28: =IFERROR(AVERAGE(Q28:S28),"") | Y28: =IFERROR(AVERAGE(V28:X28),"") | AD28: =IFERROR(AVERAGE(AA28:AC28),"") | AI28: =IFERROR(AVERAGE(AF28:AH28),"") | AN28: =IFERROR(AVERAGE(AK28:AM28),"") | AS28: =IFERROR(AVERAGE(AP28:AR28),"") | AX28: =IFERROR(AVERAGE(AU28:AW28),"") | BC28: =IFERROR(AVERAGE(AZ28:BB28),"") | BH28: =IFERROR(AVERAGE(BE28:BG28),"") | BM28: =IFERROR(AVERAGE(BJ28:BL28),"") | BR28: =IFERROR(AVERAGE(BO28:BQ28),"") | BW28: =IFERROR(AVERAGE(BT28:BV28),"") | CB28: =IFERROR(AVERAGE(BY28:CA28),"") | CG28: =IFERROR(AVERAGE(CD28:CF28),"")
A29: =IFERROR(__xludf.DUMMYFUNCTION("""COMPUTED_VALUE"""),25.0) -> 25 | B29: =IFERROR(__xludf.DUMMYFUNCTION("""COMPUTED_VALUE"""),"2526100438") -> 2526100438 | C29: =IFERROR(__xludf.DUMMYFUNCTION("""COMPUTED_VALUE"""),"0096750607") -> 0096750607 | D29: =IFERROR(__xludf.DUMMYFUNCTION("""COMPUTED_VALUE"""),"MUHAMAD SUTIAWAN ALI") -> MUHAMAD SUTIAWAN ALI | E29: =IFERROR(__xludf.DUMMYFUNCTION("""COMPUTED_VALUE"""),"X TO 4") -> X TO 4 | F29: Ganjil | J29: =IFERROR(AVERAGE(G29:H29),"") | O29: =IFERROR(AVERAGE(L29:N29),"") | T29: =IFERROR(AVERAGE(Q29:S29),"") | Y29: =IFERROR(AVERAGE(V29:X29),"") | AD29: =IFERROR(AVERAGE(AA29:AC29),"") | AI29: =IFERROR(AVERAGE(AF29:AH29),"") | AN29: =IFERROR(AVERAGE(AK29:AM29),"") | AS29: =IFERROR(AVERAGE(AP29:AR29),"") | AX29: =IFERROR(AVERAGE(AU29:AW29),"") | BC29: =IFERROR(AVERAGE(AZ29:BB29),"") | BH29: =IFERROR(AVERAGE(BE29:BG29),"") | BM29: =IFERROR(AVERAGE(BJ29:BL29),"") | BR29: =IFERROR(AVERAGE(BO29:BQ29),"") | BW29: =IFERROR(AVERAGE(BT29:BV29),"") | CB29: =IFERROR(AVERAGE(BY29:CA29),"") | CG29: =IFERROR(AVERAGE(CD29:CF29),"")
A30: =IFERROR(__xludf.DUMMYFUNCTION("""COMPUTED_VALUE"""),26.0) -> 26 | B30: =IFERROR(__xludf.DUMMYFUNCTION("""COMPUTED_VALUE"""),"2526100439") -> 2526100439 | C30: =IFERROR(__xludf.DUMMYFUNCTION("""COMPUTED_VALUE"""),"0094990767") -> 0094990767 | D30: =IFERROR(__xludf.DUMMYFUNCTION("""COMPUTED_VALUE"""),"MUHAMMAD FAHRI MAULANA") -> MUHAMMAD FAHRI MAULANA | E30: =IFERROR(__xludf.DUMMYFUNCTION("""COMPUTED_VALUE"""),"X TO 4") -> X TO 4 | F30: Ganjil | J30: =IFERROR(AVERAGE(G30:H30),"") | O30: =IFERROR(AVERAGE(L30:N30),"") | T30: =IFERROR(AVERAGE(Q30:S30),"") | Y30: =IFERROR(AVERAGE(V30:X30),"") | AD30: =IFERROR(AVERAGE(AA30:AC30),"") | AI30: =IFERROR(AVERAGE(AF30:AH30),"") | AN30: =IFERROR(AVERAGE(AK30:AM30),"") | AS30: =IFERROR(AVERAGE(AP30:AR30),"") | AX30: =IFERROR(AVERAGE(AU30:AW30),"") | BC30: =IFERROR(AVERAGE(AZ30:BB30),"") | BH30: =IFERROR(AVERAGE(BE30:BG30),"") | BM30: =IFERROR(AVERAGE(BJ30:BL30),"") | BR30: =IFERROR(AVERAGE(BO30:BQ30),"") | BW30: =IFERROR(AVERAGE(BT30:BV30),"") | CB30: =IFERROR(AVERAGE(BY30:CA30),"") | CG30: =IFERROR(AVERAGE(CD30:CF30),"")
A31: =IFERROR(__xludf.DUMMYFUNCTION("""COMPUTED_VALUE"""),27.0) -> 27 | B31: =IFERROR(__xludf.DUMMYFUNCTION("""COMPUTED_VALUE"""),"2526100440") -> 2526100440 | C31: =IFERROR(__xludf.DUMMYFUNCTION("""COMPUTED_VALUE"""),"0105005356") -> 0105005356 | D31: =IFERROR(__xludf.DUMMYFUNCTION("""COMPUTED_VALUE"""),"MUHAMMAD GALANG GUNAWAN") -> MUHAMMAD GALANG GUNAWAN | E31: =IFERROR(__xludf.DUMMYFUNCTION("""COMPUTED_VALUE"""),"X TO 4") -> X TO 4 | F31: Ganjil | J31: =IFERROR(AVERAGE(G31:H31),"") | O31: =IFERROR(AVERAGE(L31:N31),"") | T31: =IFERROR(AVERAGE(Q31:S31),"") | Y31: =IFERROR(AVERAGE(V31:X31),"") | AD31: =IFERROR(AVERAGE(AA31:AC31),"") | AI31: =IFERROR(AVERAGE(AF31:AH31),"") | AN31: =IFERROR(AVERAGE(AK31:AM31),"") | AS31: =IFERROR(AVERAGE(AP31:AR31),"") | AX31: =IFERROR(AVERAGE(AU31:AW31),"") | BC31: =IFERROR(AVERAGE(AZ31:BB31),"") | BH31: =IFERROR(AVERAGE(BE31:BG31),"") | BM31: =IFERROR(AVERAGE(BJ31:BL31),"") | BR31: =IFERROR(AVERAGE(BO31:BQ31),"") | BW31: =IFERROR(AVERAGE(BT31:BV31),"") | CB31: =IFERROR(AVERAGE(BY31:CA31),"") | CG31: =IFERROR(AVERAGE(CD31:CF31),"")
A32: =IFERROR(__xludf.DUMMYFUNCTION("""COMPUTED_VALUE"""),28.0) -> 28 | B32: =IFERROR(__xludf.DUMMYFUNCTION("""COMPUTED_VALUE"""),"2526100441") -> 2526100441 | C32: =IFERROR(__xludf.DUMMYFUNCTION("""COMPUTED_VALUE"""),"0089904752") -> 0089904752 | D32: =IFERROR(__xludf.DUMMYFUNCTION("""COMPUTED_VALUE"""),"MUHAMMAD GOZALI") -> MUHAMMAD GOZALI | E32: =IFERROR(__xludf.DUMMYFUNCTION("""COMPUTED_VALUE"""),"X TO 4") -> X TO 4 | F32: Ganjil | J32: =IFERROR(AVERAGE(G32:H32),"") | O32: =IFERROR(AVERAGE(L32:N32),"") | T32: =IFERROR(AVERAGE(Q32:S32),"") | Y32: =IFERROR(AVERAGE(V32:X32),"") | AD32: =IFERROR(AVERAGE(AA32:AC32),"") | AI32: =IFERROR(AVERAGE(AF32:AH32),"") | AN32: =IFERROR(AVERAGE(AK32:AM32),"") | AS32: =IFERROR(AVERAGE(AP32:AR32),"") | AX32: =IFERROR(AVERAGE(AU32:AW32),"") | BC32: =IFERROR(AVERAGE(AZ32:BB32),"") | BH32: =IFERROR(AVERAGE(BE32:BG32),"") | BM32: =IFERROR(AVERAGE(BJ32:BL32),"") | BR32: =IFERROR(AVERAGE(BO32:BQ32),"") | BW32: =IFERROR(AVERAGE(BT32:BV32),"") | CB32: =IFERROR(AVERAGE(BY32:CA32),"") | CG32: =IFERROR(AVERAGE(CD32:CF32),"")
A33: =IFERROR(__xludf.DUMMYFUNCTION("""COMPUTED_VALUE"""),29.0) -> 29 | B33: =IFERROR(__xludf.DUMMYFUNCTION("""COMPUTED_VALUE"""),"2526100442") -> 2526100442 | C33: =IFERROR(__xludf.DUMMYFUNCTION("""COMPUTED_VALUE"""),"0093764470") -> 0093764470 | D33: =IFERROR(__xludf.DUMMYFUNCTION("""COMPUTED_VALUE"""),"MUHAMMAD HADAD AT'TOILLAH") -> MUHAMMAD HADAD AT'TOILLAH | E33: =IFERROR(__xludf.DUMMYFUNCTION("""COMPUTED_VALUE"""),"X TO 4") -> X TO 4 | F33: Ganjil | J33: =IFERROR(AVERAGE(G33:H33),"") | O33: =IFERROR(AVERAGE(L33:N33),"") | T33: =IFERROR(AVERAGE(Q33:S33),"") | Y33: =IFERROR(AVERAGE(V33:X33),"") | AD33: =IFERROR(AVERAGE(AA33:AC33),"") | AI33: =IFERROR(AVERAGE(AF33:AH33),"") | AN33: =IFERROR(AVERAGE(AK33:AM33),"") | AS33: =IFERROR(AVERAGE(AP33:AR33),"") | AX33: =IFERROR(AVERAGE(AU33:AW33),"") | BC33: =IFERROR(AVERAGE(AZ33:BB33),"") | BH33: =IFERROR(AVERAGE(BE33:BG33),"") | BM33: =IFERROR(AVERAGE(BJ33:BL33),"") | BR33: =IFERROR(AVERAGE(BO33:BQ33),"") | BW33: =IFERROR(AVERAGE(BT33:BV33),"") | CB33: =IFERROR(AVERAGE(BY33:CA33),"") | CG33: =IFERROR(AVERAGE(CD33:CF33),"")
A34: =IFERROR(__xludf.DUMMYFUNCTION("""COMPUTED_VALUE"""),30.0) -> 30 | B34: =IFERROR(__xludf.DUMMYFUNCTION("""COMPUTED_VALUE"""),"2526100443") -> 2526100443 | C34: =IFERROR(__xludf.DUMMYFUNCTION("""COMPUTED_VALUE"""),"0092995954") -> 0092995954 | D34: =IFERROR(__xludf.DUMMYFUNCTION("""COMPUTED_VALUE"""),"MUHAMMAD ILHAM") -> MUHAMMAD ILHAM | E34: =IFERROR(__xludf.DUMMYFUNCTION("""COMPUTED_VALUE"""),"X TO 4") -> X TO 4 | F34: Ganjil | J34: =IFERROR(AVERAGE(G34:H34),"") | O34: =IFERROR(AVERAGE(L34:N34),"") | T34: =IFERROR(AVERAGE(Q34:S34),"") | Y34: =IFERROR(AVERAGE(V34:X34),"") | AD34: =IFERROR(AVERAGE(AA34:AC34),"") | AI34: =IFERROR(AVERAGE(AF34:AH34),"") | AN34: =IFERROR(AVERAGE(AK34:AM34),"") | AS34: =IFERROR(AVERAGE(AP34:AR34),"") | AX34: =IFERROR(AVERAGE(AU34:AW34),"") | BC34: =IFERROR(AVERAGE(AZ34:BB34),"") | BH34: =IFERROR(AVERAGE(BE34:BG34),"") | BM34: =IFERROR(AVERAGE(BJ34:BL34),"") | BR34: =IFERROR(AVERAGE(BO34:BQ34),"") | BW34: =IFERROR(AVERAGE(BT34:BV34),"") | CB34: =IFERROR(AVERAGE(BY34:CA34),"") | CG34: =IFERROR(AVERAGE(CD34:CF34),"")
A35: =IFERROR(__xludf.DUMMYFUNCTION("""COMPUTED_VALUE"""),31.0) -> 31 | B35: =IFERROR(__xludf.DUMMYFUNCTION("""COMPUTED_VALUE"""),"2526100444") -> 2526100444 | C35: =IFERROR(__xludf.DUMMYFUNCTION("""COMPUTED_VALUE"""),"0091433917") -> 0091433917 | D35: =IFERROR(__xludf.DUMMYFUNCTION("""COMPUTED_VALUE"""),"M. IRPAN SAEPUL IBRAHIM ") -> M. IRPAN SAEPUL IBRAHIM | E35: =IFERROR(__xludf.DUMMYFUNCTION("""COMPUTED_VALUE"""),"X TO 4") -> X TO 4 | F35: Ganjil | J35: =IFERROR(AVERAGE(G35:H35),"") | O35: =IFERROR(AVERAGE(L35:N35),"") | T35: =IFERROR(AVERAGE(Q35:S35),"") | Y35: =IFERROR(AVERAGE(V35:X35),"") | AD35: =IFERROR(AVERAGE(AA35:AC35),"") | AI35: =IFERROR(AVERAGE(AF35:AH35),"") | AN35: =IFERROR(AVERAGE(AK35:AM35),"") | AS35: =IFERROR(AVERAGE(AP35:AR35),"") | AX35: =IFERROR(AVERAGE(AU35:AW35),"") | BC35: =IFERROR(AVERAGE(AZ35:BB35),"") | BH35: =IFERROR(AVERAGE(BE35:BG35),"") | BM35: =IFERROR(AVERAGE(BJ35:BL35),"") | BR35: =IFERROR(AVERAGE(BO35:BQ35),"") | BW35: =IFERROR(AVERAGE(BT35:BV35),"") | CB35: =IFERROR(AVERAGE(BY35:CA35),"") | CG35: =IFERROR(AVERAGE(CD35:CF35),"")
A36: =IFERROR(__xludf.DUMMYFUNCTION("""COMPUTED_VALUE"""),32.0) -> 32 | B36: =IFERROR(__xludf.DUMMYFUNCTION("""COMPUTED_VALUE"""),"2526100445") -> 2526100445 | C36: =IFERROR(__xludf.DUMMYFUNCTION("""COMPUTED_VALUE"""),"0093505472") -> 0093505472 | D36: =IFERROR(__xludf.DUMMYFUNCTION("""COMPUTED_VALUE"""),"MUHAMMAD NAZIL SIBTHURRIDHO") -> MUHAMMAD NAZIL SIBTHURRIDHO | E36: =IFERROR(__xludf.DUMMYFUNCTION("""COMPUTED_VALUE"""),"X TO 4") -> X TO 4 | F36: Ganjil
A37: =IFERROR(__xludf.DUMMYFUNCTION("""COMPUTED_VALUE"""),33.0) -> 33 | B37: =IFERROR(__xludf.DUMMYFUNCTION("""COMPUTED_VALUE"""),"2526100446") -> 2526100446 | C37: =IFERROR(__xludf.DUMMYFUNCTION("""COMPUTED_VALUE"""),"0078810983") -> 0078810983 | D37: =IFERROR(__xludf.DUMMYFUNCTION("""COMPUTED_VALUE"""),"MUHAMMAD RAGIL") -> MUHAMMAD RAGIL | E37: =IFERROR(__xludf.DUMMYFUNCTION("""COMPUTED_VALUE"""),"X TO 4") -> X TO 4 | F37: Ganjil
A38: =IFERROR(__xludf.DUMMYFUNCTION("""COMPUTED_VALUE"""),34.0) -> 34 | B38: =IFERROR(__xludf.DUMMYFUNCTION("""COMPUTED_VALUE"""),"2526100447") -> 2526100447 | C38: =IFERROR(__xludf.DUMMYFUNCTION("""COMPUTED_VALUE"""),"0098041660") -> 0098041660 | D38: =IFERROR(__xludf.DUMMYFUNCTION("""COMPUTED_VALUE"""),"NAJMI ERIANA") -> NAJMI ERIANA | E38: =IFERROR(__xludf.DUMMYFUNCTION("""COMPUTED_VALUE"""),"X TO 4") -> X TO 4 | F38: Ganjil
A39: =IFERROR(__xludf.DUMMYFUNCTION("""COMPUTED_VALUE"""),35.0) -> 35 | B39: =IFERROR(__xludf.DUMMYFUNCTION("""COMPUTED_VALUE"""),"2526100448") -> 2526100448 | C39: =IFERROR(__xludf.DUMMYFUNCTION("""COMPUTED_VALUE"""),"0094411174") -> 0094411174 | D39: =IFERROR(__xludf.DUMMYFUNCTION("""COMPUTED_VALUE"""),"PANO PAIZAL") -> PANO PAIZAL | E39: =IFERROR(__xludf.DUMMYFUNCTION("""COMPUTED_VALUE"""),"X TO 4") -> X TO 4 | F39: Ganjil
A40: =IFERROR(__xludf.DUMMYFUNCTION("""COMPUTED_VALUE"""),36.0) -> 36 | B40: =IFERROR(__xludf.DUMMYFUNCTION("""COMPUTED_VALUE"""),"2526100449") -> 2526100449 | C40: =IFERROR(__xludf.DUMMYFUNCTION("""COMPUTED_VALUE"""),"3104749923") -> 3104749923 | D40: =IFERROR(__xludf.DUMMYFUNCTION("""COMPUTED_VALUE"""),"PIRMAN ADRIYANI PUTRA") -> PIRMAN ADRIYANI PUTRA | E40: =IFERROR(__xludf.DUMMYFUNCTION("""COMPUTED_VALUE"""),"X TO 4") -> X TO 4 | F40: Ganjil
A41: =IFERROR(__xludf.DUMMYFUNCTION("""COMPUTED_VALUE"""),37.0) -> 37 | B41: =IFERROR(__xludf.DUMMYFUNCTION("""COMPUTED_VALUE"""),"2526100450") -> 2526100450 | C41: =IFERROR(__xludf.DUMMYFUNCTION("""COMPUTED_VALUE"""),"0106511353") -> 0106511353 | D41: =IFERROR(__xludf.DUMMYFUNCTION("""COMPUTED_VALUE"""),"RAFFA RAMADHAN") -> RAFFA RAMADHAN | E41: =IFERROR(__xludf.DUMMYFUNCTION("""COMPUTED_VALUE"""),"X TO 4") -> X TO 4 | F41: Ganjil
A42: =IFERROR(__xludf.DUMMYFUNCTION("""COMPUTED_VALUE"""),38.0) -> 38 | B42: =IFERROR(__xludf.DUMMYFUNCTION("""COMPUTED_VALUE"""),"2526100451") -> 2526100451 | C42: =IFERROR(__xludf.DUMMYFUNCTION("""COMPUTED_VALUE"""),"3100673583") -> 3100673583 | D42: =IFERROR(__xludf.DUMMYFUNCTION("""COMPUTED_VALUE"""),"RAFQA NUZULUL AKBAR SETIANA") -> RAFQA NUZULUL AKBAR SETIANA | E42: =IFERROR(__xludf.DUMMYFUNCTION("""COMPUTED_VALUE"""),"X TO 4") -> X TO 4 | F42: Ganjil
A43: =IFERROR(__xludf.DUMMYFUNCTION("""COMPUTED_VALUE"""),39.0) -> 39 | B43: =IFERROR(__xludf.DUMMYFUNCTION("""COMPUTED_VALUE"""),"2526100452") -> 2526100452 | C43: =IFERROR(__xludf.DUMMYFUNCTION("""COMPUTED_VALUE"""),"0098144365") -> 0098144365 | D43: =IFERROR(__xludf.DUMMYFUNCTION("""COMPUTED_VALUE"""),"RIDO MUHAMAD NUR FADILAH") -> RIDO MUHAMAD NUR FADILAH | E43: =IFERROR(__xludf.DUMMYFUNCTION("""COMPUTED_VALUE"""),"X TO 4") -> X TO 4 | F43: Ganjil
A44: =IFERROR(__xludf.DUMMYFUNCTION("""COMPUTED_VALUE"""),40.0) -> 40 | B44: =IFERROR(__xludf.DUMMYFUNCTION("""COMPUTED_VALUE"""),"2526100453") -> 2526100453 | C44: =IFERROR(__xludf.DUMMYFUNCTION("""COMPUTED_VALUE"""),"0101384399") -> 0101384399 | D44: =IFERROR(__xludf.DUMMYFUNCTION("""COMPUTED_VALUE"""),"RIFAL KAMILUL AJHAR") -> RIFAL KAMILUL AJHAR | E44: =IFERROR(__xludf.DUMMYFUNCTION("""COMPUTED_VALUE"""),"X TO 4") -> X TO 4 | F44: Ganjil
A45: =IFERROR(__xludf.DUMMYFUNCTION("""COMPUTED_VALUE"""),41.0) -> 41 | B45: =IFERROR(__xludf.DUMMYFUNCTION("""COMPUTED_VALUE"""),"2526100454") -> 2526100454 | C45: =IFERROR(__xludf.DUMMYFUNCTION("""COMPUTED_VALUE"""),"0095007656") -> 0095007656 | D45: =IFERROR(__xludf.DUMMYFUNCTION("""COMPUTED_VALUE"""),"RIVALDI MAULANA") -> RIVALDI MAULANA | E45: =IFERROR(__xludf.DUMMYFUNCTION("""COMPUTED_VALUE"""),"X TO 4") -> X TO 4 | F45: Ganjil
A46: =IFERROR(__xludf.DUMMYFUNCTION("""COMPUTED_VALUE"""),42.0) -> 42 | B46: =IFERROR(__xludf.DUMMYFUNCTION("""COMPUTED_VALUE"""),"2526100455") -> 2526100455 | C46: =IFERROR(__xludf.DUMMYFUNCTION("""COMPUTED_VALUE"""),"3095900062") -> 3095900062 | D46: =IFERROR(__xludf.DUMMYFUNCTION("""COMPUTED_VALUE"""),"RIZAL RISMAYANDI") -> RIZAL RISMAYANDI | E46: =IFERROR(__xludf.DUMMYFUNCTION("""COMPUTED_VALUE"""),"X TO 4") -> X TO 4 | F46: Ganjil
A47: =IFERROR(__xludf.DUMMYFUNCTION("""COMPUTED_VALUE"""),43.0) -> 43 | B47: =IFERROR(__xludf.DUMMYFUNCTION("""COMPUTED_VALUE"""),"2526100456") -> 2526100456 | C47: =IFERROR(__xludf.DUMMYFUNCTION("""COMPUTED_VALUE"""),"0097206975") -> 0097206975 | D47: =IFERROR(__xludf.DUMMYFUNCTION("""COMPUTED_VALUE"""),"RIZKI ADITIA PRATAMA") -> RIZKI ADITIA PRATAMA | E47: =IFERROR(__xludf.DUMMYFUNCTION("""COMPUTED_VALUE"""),"X TO 4") -> X TO 4 | F47: Ganjil
A48: =IFERROR(__xludf.DUMMYFUNCTION("""COMPUTED_VALUE"""),44.0) -> 44 | B48: =IFERROR(__xludf.DUMMYFUNCTION("""COMPUTED_VALUE"""),"2526100457") -> 2526100457 | C48: =IFERROR(__xludf.DUMMYFUNCTION("""COMPUTED_VALUE"""),"0099911084") -> 0099911084 | D48: =IFERROR(__xludf.DUMMYFUNCTION("""COMPUTED_VALUE"""),"SURYA BAGJA JUNIOR") -> SURYA BAGJA JUNIOR | E48: =IFERROR(__xludf.DUMMYFUNCTION("""COMPUTED_VALUE"""),"X TO 4") -> X TO 4 | F48: Ganjil | J48: =IFERROR(AVERAGE(G48:H48),"") | O48: =IFERROR(AVERAGE(L48:N48),"") | T48: =IFERROR(AVERAGE(Q48:S48),"") | Y48: =IFERROR(AVERAGE(V48:X48),"") | AD48: =IFERROR(AVERAGE(AA48:AC48),"") | AI48: =IFERROR(AVERAGE(AF48:AH48),"") | AN48: =IFERROR(AVERAGE(AK48:AM48),"") | AS48: =IFERROR(AVERAGE(AP48:AR48),"") | AX48: =IFERROR(AVERAGE(AU48:AW48),"") | BC48: =IFERROR(AVERAGE(AZ48:BB48),"") | BH48: =IFERROR(AVERAGE(BE48:BG48),"") | BM48: =IFERROR(AVERAGE(BJ48:BL48),"") | BR48: =IFERROR(AVERAGE(BO48:BQ48),"") | BW48: =IFERROR(AVERAGE(BT48:BV48),"") | CB48: =IFERROR(AVERAGE(BY48:CA48),"") | CG48: =IFERROR(AVERAGE(CD48:CF48),"")
A49: =IFERROR(__xludf.DUMMYFUNCTION("""COMPUTED_VALUE"""),45.0) -> 45 | B49: =IFERROR(__xludf.DUMMYFUNCTION("""COMPUTED_VALUE"""),"2526100458") -> 2526100458 | C49: =IFERROR(__xludf.DUMMYFUNCTION("""COMPUTED_VALUE"""),"3096786504") -> 3096786504 | D49: =IFERROR(__xludf.DUMMYFUNCTION("""COMPUTED_VALUE"""),"WILDAN RIPAI") -> WILDAN RIPAI | E49: =IFERROR(__xludf.DUMMYFUNCTION("""COMPUTED_VALUE"""),"X TO 4") -> X TO 4 | F49: Ganjil | J49: =IFERROR(AVERAGE(G49:H49),"") | O49: =IFERROR(AVERAGE(L49:N49),"") | T49: =IFERROR(AVERAGE(Q49:S49),"") | Y49: =IFERROR(AVERAGE(V49:X49),"") | AD49: =IFERROR(AVERAGE(AA49:AC49),"") | AI49: =IFERROR(AVERAGE(AF49:AH49),"") | AN49: =IFERROR(AVERAGE(AK49:AM49),"") | AS49: =IFERROR(AVERAGE(AP49:AR49),"") | AX49: =IFERROR(AVERAGE(AU49:AW49),"") | BC49: =IFERROR(AVERAGE(AZ49:BB49),"") | BH49: =IFERROR(AVERAGE(BE49:BG49),"") | BM49: =IFERROR(AVERAGE(BJ49:BL49),"") | BR49: =IFERROR(AVERAGE(BO49:BQ49),"") | BW49: =IFERROR(AVERAGE(BT49:BV49),"") | CB49: =IFERROR(AVERAGE(BY49:CA49),"") | CG49: =IFERROR(AVERAGE(CD49:CF49),"")
A50: =IFERROR(__xludf.DUMMYFUNCTION("""COMPUTED_VALUE"""),46.0) -> 46 | B50: =IFERROR(__xludf.DUMMYFUNCTION("""COMPUTED_VALUE"""),"2526100459") -> 2526100459 | C50: =IFERROR(__xludf.DUMMYFUNCTION("""COMPUTED_VALUE"""),"3100392230") -> 3100392230 | D50: =IFERROR(__xludf.DUMMYFUNCTION("""COMPUTED_VALUE"""),"YUDHA PRASETYO") -> YUDHA PRASETYO | E50: =IFERROR(__xludf.DUMMYFUNCTION("""COMPUTED_VALUE"""),"X TO 4") -> X TO 4 | F50: Ganjil | J50: =IFERROR(AVERAGE(G50:H50),"") | O50: =IFERROR(AVERAGE(L50:N50),"") | T50: =IFERROR(AVERAGE(Q50:S50),"") | Y50: =IFERROR(AVERAGE(V50:X50),"") | AD50: =IFERROR(AVERAGE(AA50:AC50),"") | AI50: =IFERROR(AVERAGE(AF50:AH50),"") | AN50: =IFERROR(AVERAGE(AK50:AM50),"") | AS50: =IFERROR(AVERAGE(AP50:AR50),"") | AX50: =IFERROR(AVERAGE(AU50:AW50),"") | BC50: =IFERROR(AVERAGE(AZ50:BB50),"") | BH50: =IFERROR(AVERAGE(BE50:BG50),"") | BM50: =IFERROR(AVERAGE(BJ50:BL50),"") | BR50: =IFERROR(AVERAGE(BO50:BQ50),"") | BW50: =IFERROR(AVERAGE(BT50:BV50),"") | CB50: =IFERROR(AVERAGE(BY50:CA50),"") | CG50: =IFERROR(AVERAGE(CD50:CF50),"")
J51: =IFERROR(AVERAGE(G51:H51),"") | O51: =IFERROR(AVERAGE(L51:N51),"") | T51: =IFERROR(AVERAGE(Q51:S51),"") | Y51: =IFERROR(AVERAGE(V51:X51),"") | AD51: =IFERROR(AVERAGE(AA51:AC51),"") | AI51: =IFERROR(AVERAGE(AF51:AH51),"") | AN51: =IFERROR(AVERAGE(AK51:AM51),"") | AS51: =IFERROR(AVERAGE(AP51:AR51),"") | AX51: =IFERROR(AVERAGE(AU51:AW51),"") | BC51: =IFERROR(AVERAGE(AZ51:BB51),"") | BH51: =IFERROR(AVERAGE(BE51:BG51),"") | BM51: =IFERROR(AVERAGE(BJ51:BL51),"") | BR51: =IFERROR(AVERAGE(BO51:BQ51),"") | BW51: =IFERROR(AVERAGE(BT51:BV51),"") | CB51: =IFERROR(AVERAGE(BY51:CA51),"") | CG51: =IFERROR(AVERAGE(CD51:CF51),"")
J53: =IFERROR(AVERAGE(G53:H53),"") | O53: =IFERROR(AVERAGE(L53:N53),"") | T53: =IFERROR(AVERAGE(Q53:S53),"") | Y53: =IFERROR(AVERAGE(V53:X53),"") | AD53: =IFERROR(AVERAGE(AA53:AC53),"") | AI53: =IFERROR(AVERAGE(AF53:AH53),"") | AN53: =IFERROR(AVERAGE(AK53:AM53),"") | AS53: =IFERROR(AVERAGE(AP53:AR53),"") | AX53: =IFERROR(AVERAGE(AU53:AW53),"") | BC53: =IFERROR(AVERAGE(AZ53:BB53),"") | BH53: =IFERROR(AVERAGE(BE53:BG53),"") | BM53: =IFERROR(AVERAGE(BJ53:BL53),"") | BR53: =IFERROR(AVERAGE(BO53:BQ53),"") | BW53: =IFERROR(AVERAGE(BT53:BV53),"") | CB53: =IFERROR(AVERAGE(BY53:CA53),"") | CG53: =IFERROR(AVERAGE(CD53:CF53),"")
J54: =IFERROR(AVERAGE(G54:H54),"") | O54: =IFERROR(AVERAGE(L54:N54),"") | T54: =IFERROR(AVERAGE(Q54:S54),"") | Y54: =IFERROR(AVERAGE(V54:X54),"") | AD54: =IFERROR(AVERAGE(AA54:AC54),"") | AI54: =IFERROR(AVERAGE(AF54:AH54),"") | AN54: =IFERROR(AVERAGE(AK54:AM54),"") | AS54: =IFERROR(AVERAGE(AP54:AR54),"") | AX54: =IFERROR(AVERAGE(AU54:AW54),"") | BC54: =IFERROR(AVERAGE(AZ54:BB54),"") | BH54: =IFERROR(AVERAGE(BE54:BG54),"") | BM54: =IFERROR(AVERAGE(BJ54:BL54),"") | BR54: =IFERROR(AVERAGE(BO54:BQ54),"") | BW54: =IFERROR(AVERAGE(BT54:BV54),"") | CB54: =IFERROR(AVERAGE(BY54:CA54),"") | CG54: =IFERROR(AVERAGE(CD54:CF54),"")

Sheet INPUT CP
A1: 1 | B1: 2 | C1: 3 | D1: 4 | E1: 5 | G1: 6 | H1: 7 | I1: 8 | J1: 9 | K1: 10 | L1: 11 | M1: 12 | N1: 13 | O1: 14 | P1: 15 | Q1: 16 | R1: 17 | S1: 18 | T1: 19 | U1: 20 | V1: 21 | W1: 22 | X1: 23 | Y1: 24 | Z1: 25 | AA1: 26 | AB1: 27 | AC1: 28 | AD1: 29 | AE1: 28 | AF1: 29 | AG1: 30 | AH1: 31 | AI1: 32 | AJ1: 33 | AK1: 34 | AL1: 35 | AR1: 36 | AS1: 37 | AT1: 38 | AU1: 39 | AV1: 40 | AW1: 41 | AX1: 42 | AY1: 43 | AZ1: 44 | BA1: 45 | BB1: 39
A2: ='INPUT SUMATIF'!A2 -> NO | B2: ='INPUT SUMATIF'!B2 -> NIS | C2: ='INPUT SUMATIF'!C2 -> NISN | D2: ='INPUT SUMATIF'!D2 -> NAMA | E2: ='INPUT SUMATIF'!E2 -> KELAS | F2: ='INPUT SUMATIF'!F2 -> SEMESTER | G2: ='INPUT SUMATIF'!$J$2 -> PAI RATA-RATA SUMATIF | H2: ='INPUT SUMATIF'!$K$2 -> PAI NILAI SUMATIF AKHIR | I2: ='INPUT SUMATIF'!$O$2 -> PKN RATA-RATA SUMATIF | J2: ='INPUT SUMATIF'!$P$2 -> PKN NILAI SUMATIF AKHIR | K2: ='INPUT SUMATIF'!$T$2 -> B. INDONESIA RATA-RATA SUMATIF | L2: ='INPUT SUMATIF'!$U$2 -> B. INDONESIA NILAI SUMATIF AKHIR | M2: ='INPUT SUMATIF'!$Y$2 -> PJOK RATA-RATA SUMATIF | N2: ='INPUT SUMATIF'!$Z$2 -> PJOK NILAI SUMATIF AKHIR | O2: ='INPUT SUMATIF'!$AD$2 -> SEJARAH RATA-RATA SUMATIF | P2: ='INPUT SUMATIF'!$AE$2 -> SEJARAH NILAI SUMATIF AKHIR | Q2: ='INPUT SUMATIF'!$AI$2 -> SENI BUDAYA RATA-RATA SUMATIF | R2: ='INPUT SUMATIF'!$AJ$2 -> SENI BUDAYA NILAI SUMATIF AKHIR | S2: ='INPUT SUMATIF'!$AN$2 -> B. SUNDA RATA-RATA SUMATIF | T2: ='INPUT SUMATIF'!$AO$2 -> B. SUNDA NILAI SUMATIF AKHIR | U2: ='INPUT SUMATIF'!$AS$2 -> MATEMATIKA RATA-RATA SUMATIF | V2: ='INPUT SUMATIF'!$AT$2 -> MATEMATIKA NILAI SUMATIF AKHIR | W2: ='INPUT SUMATIF'!$AX$2 -> B. INGGRIS RATA-RATA SUMATIF | X2: ='INPUT SUMATIF'!$AY$2 -> B. INGGRIS NILAI SUMATIF AKHIR | Y2: ='INPUT SUMATIF'!$BC$2 -> INFORMATIKA RATA-RATA SUMATIF | Z2: ='INPUT SUMATIF'!$BD$2 -> INFORMATIKA NILAI SUMATIF AKHIR | AA2: ='INPUT SUMATIF'!$BH$2 -> PROJEK IPAS RATA-RATA SUMATIF | AB2: ='INPUT SUMATIF'!$BI$2 -> PROJEK IPAS NILAI SUMATIF AKHIR | AC2: ='INPUT SUMATIF'!$BM$2 -> DDPK RATA-RATA SUMATIF | AD2: ='INPUT SUMATIF'!$BN$2 -> DDPK NILAI SUMATIF AKHIR | AE2: ='INPUT SUMATIF'!$BR$2 -> KODING RATA-RATA SUMATIF | AF2: ='INPUT SUMATIF'!$BR$2 -> KODING RATA-RATA SUMATIF | AG2: ='INPUT SUMATIF'!$BW$2 -> KONS. KEAHLIAN RATA-RATA SUMATIF | AH2: ='INPUT SUMATIF'!$BX$2 -> KONS. KEAHLIAN NILAI SUMATIF AKHIR | AI2: ='INPUT SUMATIF'!$CB$2 -> PKK RATA-RATA SUMATIF | AJ2: ='INPUT SUMATIF'!$CC$2 -> PKK NILAI SUMATIF AKHIR | AK2: ='INPUT SUMATIF'!$CG$2 -> MAPEL PILIHAN RATA-RATA SUMATIF | AL2: ='INPUT SUMATIF'!$CH$2 -> MAPEL PILIHAN NILAI SUMATIF AKHIR | AR2: =AR3 -> EKSKUL-1 | AS2: =AS3 -> EKSKUL-2 | AT2: =AT3 -> PREDIKAT-1 | AU2: =AU3 -> PREDIKAT-2 | AV2: =AV3 -> KET-1 | AW2: =AW3 -> KET-2 | AX2: =AX3 -> SAKIT | AY2: =AY3 -> IZIN | ... BB2: =BB3 -> NAIK OR TINGGAL
A3: NO | B3: NIS | C3: NISN | D3: NAMA | E3: KELAS | F3: SEMESTER | G3: PAI | H3: CP PAI | I3: PKN | J3: CP PKN | K3: B. INDONESIA | L3: CP B. INDONESIA | M3: PJOK | N3: CP PJOK | O3: SEJARAH | P3: CP SEJARAH | Q3: SENI BUDAYA | R3: CP SENI BUDAYA | S3: B. SUNDA | T3: CP B. SUNDA | U3: MTK | V3: CP MTK | W3: B. INGGRIS | X3: CP B. INGGRIS | Y3: INFORMATIKA | Z3: CP INFORMATIKA | AA3: PROJEK IPAS | AB3: CP PROJEK IPAS | AC3: DDPK | AD3: CP DDPK | AE3: KODING | AF3: CP KODING | AG3: KONS. KEAHLIAN | AH3: CP KK | AI3: PKK | AJ3: CP PKK | AK3: MAPEL PILIHAN | AL3: CP MAPEL PILIHAN | AM3: KOKURIKULER | AN3: TEMPAT PKL | AO3: ALAMAT PKL | AP3: NILAI PKL | AQ3: NILAI UKK | AR3: EKSKUL-1 | AS3: EKSKUL-2 | AT3: PREDIKAT-1 | AU3: PREDIKAT-2 | AV3: KET-1 | AW3: KET-2 | AX3: SAKIT | AY3: IZIN | AZ3: TANPA KETERANGAN | BA3: CATATAN WALI KELAS | BB3: NAIK OR TINGGAL
A4: =IFERROR(__xludf.DUMMYFUNCTION("QUERY(SETTING!$E$3:$I$56, ""SELECT * WHERE Col1 IS NOT NULL"") "),1.0) -> 1 | B4: =IFERROR(__xludf.DUMMYFUNCTION("""COMPUTED_VALUE"""),"2526100414") -> 2526100414 | C4: =IFERROR(__xludf.DUMMYFUNCTION("""COMPUTED_VALUE"""),"0098742051") -> 0098742051 | D4: =IFERROR(__xludf.DUMMYFUNCTION("""COMPUTED_VALUE"""),"AHMAD FAUZI") -> AHMAD FAUZI | E4: =IFERROR(__xludf.DUMMYFUNCTION("""COMPUTED_VALUE"""),"X TO 4") -> X TO 4 | F4: {=IF(D4:D53<>"",SETTING!$C$3,"")} -> Ganjil | G4: {=IFERROR(AVERAGE( IFERROR(INDEX('INPUT SUMATIF'!$A:$CH,MATCH($D4,'INPUT SUMATIF'!$D:$D,0),MATCH($G$2,'INPUT SUMATIF'!$A$2:$CH$2,0)),""), IFERROR(INDEX('INPUT SUMATIF'!$A:$CH,MATCH($D4,'INPUT SUMATIF'!$D:$D,0),MATCH($H$2,'INPUT SUMATIF'!$A$2:$CH$2,0)),"") ),"")} -> 80.75 | H4: Memahami ayat Al-qur'an dan hadits tentang perintah berlomba-lomba dalam kebaikan serta menganalisis manfaat menghiundari akhlak mazmumah. | I4: {=iferror(AVERAGE( IFERROR(INDEX('INPUT SUMATIF'!$A:$CH,MATCH($D4,'INPUT SUMATIF'!$D:$D,0),MATCH($I$2,'INPUT SUMATIF'!$A$2:$CH$2,0)),""), IFERROR(INDEX('INPUT SUMATIF'!$A:$CH,MATCH($D4,'INPUT SUMATIF'!$D:$D,0),MATCH($J$2,'INPUT SUMATIF'!$A$2:$CH$2,0)),"") ),"")} -> 82.25 | J4: menganalisis cara pandang para pendiri negara tentang rumusan Pancasila sebagai dasar negara hak dan kewajiban warga negara yang diatur dalam Undang- Undang Dasar Negara Republik Indonesia Tahun 1945 | K4: {=iferror(AVERAGE( IFERROR(INDEX('INPUT SUMATIF'!$A:$CH,MATCH($D4,'INPUT SUMATIF'!$D:$D,0),MATCH($K$2,'INPUT SUMATIF'!$A$2:$CH$2,0)),""), IFERROR(INDEX('INPUT SUMATIF'!$A:$CH,MATCH($D4,'INPUT SUMATIF'!$D:$D,0),MATCH($L$2,'INPUT SUMATIF'!$A$2:$CH$2,0)),"") ),"")} -> 86.166667 | L4: memiliki kemampuan berbahasa untuk berkomunikasi dan bernalar sesuai dengan tujuan, konteks sosial, akademis, dan dunia kerja, serta mampu memahami, mengolah, menginterpretasi, dan mengevaluasi informasi dari berbagai tipe teks tentang topik yang beragam. | M4: {=iferror(AVERAGE( IFERROR(INDEX('INPUT SUMATIF'!$A:$CH,MATCH($D4,'INPUT SUMATIF'!$D:$D,0),MATCH($M$2,'INPUT SUMATIF'!$A$2:$CH$2,0)),""), IFERROR(INDEX('INPUT SUMATIF'!$A:$CH,MATCH($D4,'INPUT SUMATIF'!$D:$D,0),MATCH($N$2,'INPUT SUMATIF'!$A$2:$CH$2,0)),"") ),"")} -> 85.5 | N4: dapat menunjukkan kemampuan merancang dengan mengikuti beragam pola yang ada dan mempraktikkan berbagai aktivitas penerapan keterampilan gerak (motor skills) dilandasi dengan pengetahuan yang benar | O4: {=iferror(AVERAGE( IFERROR(INDEX('INPUT SUMATIF'!$A:$CH,MATCH($D4,'INPUT SUMATIF'!$D:$D,0),MATCH($O$2,'INPUT SUMATIF'!$A$2:$CH$2,0)),""), IFERROR(INDEX('INPUT SUMATIF'!$A:$CH,MATCH($D4,'INPUT SUMATIF'!$D:$D,0),MATCH($P$2,'INPUT SUMATIF'!$A$2:$CH$2,0)),"") ),"")} -> 83 | P4: Prinsip dasar ilmu Sejarah, Tahapan jaman Praejarah dengan manusia pendukungnya | Q4: {=iferror(AVERAGE( IFERROR(INDEX('INPUT SUMATIF'!$A:$CH,MATCH($D4,'INPUT SUMATIF'!$D:$D,0),MATCH($Q$2,'INPUT SUMATIF'!$A$2:$CH$2,0)),""), IFERROR(INDEX('INPUT SUMATIF'!$A:$CH,MATCH($D4,'INPUT SUMATIF'!$D:$D,0),MATCH($R$2,'INPUT SUMATIF'!$A$2:$CH$2,0)),"") ),"")} -> 90 | R4: Siswa mampu memahami genre musik dan instrumen musik dengan baik | S4: {=iferror(AVERAGE( IFERROR(INDEX('INPUT SUMATIF'!$A:$CH,MATCH($D4,'INPUT SUMATIF'!$D:$D,0),MATCH($S$2,'INPUT SUMATIF'!$A$2:$CH$2,0)),""), IFERROR(INDEX('INPUT SUMATIF'!$A:$CH,MATCH($D4,'INPUT SUMATIF'!$D:$D,0),MATCH($T$2,'INPUT SUMATIF'!$A$2:$CH$2,0)),"") ),"")} -> 86.5 | T4: Mampu memahami sejarah dan fungsi aksara sunda , bentuk dasara serta membaca aksara sunda | U4: {=iferror(AVERAGE( IFERROR(INDEX('INPUT SUMATIF'!$A:$CH,MATCH($D4,'INPUT SUMATIF'!$D:$D,0),MATCH($U$2,'INPUT SUMATIF'!$A$2:$CH$2,0)),""), IFERROR(INDEX('INPUT SUMATIF'!$A:$CH,MATCH($D4,'INPUT SUMATIF'!$D:$D,0),MATCH($V$2,'INPUT SUMATIF'!$A$2:$CH$2,0)),"") ),"")} -> 80 | V4: menggeneralisasi sifat-sifat bilangan berpangkat (termasuk bilangan pangkat pecahan) | W4: {=iferror(AVERAGE( IFERROR(INDEX('INPUT SUMATIF'!$A:$CH,MATCH($D4,'INPUT SUMATIF'!$D:$D,0),MATCH($W$2,'INPUT SUMATIF'!$A$2:$CH$2,0)),""), IFERROR(INDEX('INPUT SUMATIF'!$A:$CH,MATCH($D4,'INPUT SUMATIF'!$D:$D,0),MATCH($X$2,'INPUT SUMATIF'!$A$2:$CH$2,0)),"") ),"")} -> 75.5 | X4: memperkenalkan diri kepada orang lain, pengungkapan congratulation & compliment, membuat pengumuman serta penggunaan kata ganti orang pertama kedua ketiga. | Y4: {=iferror(AVERAGE( IFERROR(INDEX('INPUT SUMATIF'!$A:$CH,MATCH($D4,'INPUT SUMATIF'!$D:$D,0),MATCH($Y$2,'INPUT SUMATIF'!$A$2:$CH$2,0)),""), IFERROR(INDEX('INPUT SUMATIF'!$A:$CH,MATCH($D4,'INPUT SUMATIF'!$D:$D,0),MATCH($Z$2,'INPUT SUMATIF'!$A$2:$CH$2,0)),"") ),"")} -> 80 | Z4: memanfaatkan berbagai aplikasi secara bersamaan dan optimal untuk berkomunikasi, mencari sumber data yang akan diolah menjadi informasi, baik di dunia nyata maupun di internet, serta mahir menggunakan fitur lanjut aplikasi perkantoran (pengolah kata, angka, dan presentasi) beserta otomasinya untuk mengintegrasikan dan menyajikan konten aplikasi dalam berbagai representasi yang memudahkan analisis dan interpretasi konten tersebut. | AA4: {=iferror(AVERAGE( IFERROR(INDEX('INPUT SUMATIF'!$A:$CH,MATCH($D4,'INPUT SUMATIF'!$D:$D,0),MATCH($AA$2,'INPUT SUMATIF'!$A$2:$CH$2,0)),""), IFERROR(INDEX('INPUT SUMATIF'!$A:$CH,MATCH($D4,'INPUT SUMATIF'!$D:$D,0),MATCH($AB$2,'INPUT SUMATIF'!$A$2:$CH$2,0)),"") ),"")} -> 53.333333 | AB4: menjelaskan fenomena-fenomena yang terjadi di lingkungan sekitarnya dilihat dari berbagai aspek seperti makhluk hidup dan lingkungan nya, zat dan perubahan nya, energi dan perubahan nya. Peserta didik juga mengaitkan fenomena-fenomena tersebut dengan keterampilan teknis pada bidang keahliannya | AC4: {=iferror(AVERAGE( IFERROR(INDEX('INPUT SUMATIF'!$A:$CH,MATCH($D4,'INPUT SUMATIF'!$D:$D,0),MATCH($AC$2,'INPUT SUMATIF'!$A$2:$CH$2,0)),""), IFERROR(INDEX('INPUT SUMATIF'!$A:$CH,MATCH($D4,'INPUT SUMATIF'!$D:$D,0),MATCH($AD$2,'INPUT SUMATIF'!$A$2:$CH$2,0)),"") ),"")} -> 80.833333 | AD4: menggunakan tools dan alat ukur dasar untuk servis sepeda motor | AE4: {=iferror(AVERAGE( IFERROR(INDEX('INPUT SUMATIF'!$A:$CH,MATCH($D4,'INPUT SUMATIF'!$D:$D,0),MATCH($AE$2,'INPUT SUMATIF'!$A$2:$CH$2,0)),""), IFERROR(INDEX('INPUT SUMATIF'!$A:$CH,MATCH($D4,'INPUT SUMATIF'!$D:$D,0),MATCH($AF$2,'INPUT SUMATIF'!$A$2:$CH$2,0)),"") ),"")} -> 79.333333 | AF4: menunjukkan sikap kerja yang sistematis, gigih (persisten), dan logis dalam menghadapi masalah komputasi yang kompleks dan dalam proses debugging kode. | AG4: {=iferror(AVERAGE( IFERROR(INDEX('INPUT SUMATIF'!$A:$CH,MATCH($D4,'INPUT SUMATIF'!$D:$D,0),MATCH($AG$2,'INPUT SUMATIF'!$A$2:$CH$2,0)),""), IFERROR(INDEX('INPUT SUMATIF'!$A:$CH,MATCH($D4,'INPUT SUMATIF'!$D:$D,0),MATCH($AH$2,'INPUT SUMATIF'!$A$2:$CH$2,0)),"") ),"")} | AI4: {=iferror(AVERAGE( IFERROR(INDEX('INPUT SUMATIF'!$A:$CH,MATCH($D4,'INPUT SUMATIF'!$D:$D,0),MATCH($AI$2,'INPUT SUMATIF'!$A$2:$CH$2,0)),""), IFERROR(INDEX('INPUT SUMATIF'!$A:$CH,MATCH($D4,'INPUT SUMATIF'!$D:$D,0),MATCH($AJ$2,'INPUT SUMATIF'!$A$2:$CH$2,0)),"") ),"")} | AK4: {=iferror(AVERAGE( IFERROR(INDEX('INPUT SUMATIF'!$A:$CH,MATCH($D4,'INPUT SUMATIF'!$D:$D,0),MATCH($AK$2,'INPUT SUMATIF'!$A$2:$CH$2,0)),""), IFERROR(INDEX('INPUT SUMATIF'!$A:$CH,MATCH($D4,'INPUT SUMATIF'!$D:$D,0),MATCH($AL$2,'INPUT SUMATIF'!$A$2:$CH$2,0)),"") ),"")} | AM4: Peserta didik secara konsisten menunjukkan sikap disiplin dan tanggung jawab (Mandiri), aktif bekerja sama dan saling menghargai (Gotong Royong), serta menerapkan nilai-nilai akhlak mulia dalam setiap kegiatan (Beriman dan Bertakwa kepada Tuhan YME serta Berakhlak Mulia). | AX4: 4 | AY4: - | AZ4: 1 | BA4: Tingkatkan lagi prestasimu di semester berikutnya, sehingga apa yang telah didapat sekarang bisa lebih berguna lagi dimasa depan | BB4: NAIK
A5: =IFERROR(__xludf.DUMMYFUNCTION("""COMPUTED_VALUE"""),2.0) -> 2 | B5: =IFERROR(__xludf.DUMMYFUNCTION("""COMPUTED_VALUE"""),"2526100415") -> 2526100415 | C5: =IFERROR(__xludf.DUMMYFUNCTION("""COMPUTED_VALUE"""),"0094541761") -> 0094541761 | D5: =IFERROR(__xludf.DUMMYFUNCTION("""COMPUTED_VALUE"""),"AHMAD YOPI JUMAEDI") -> AHMAD YOPI JUMAEDI | E5: =IFERROR(__xludf.DUMMYFUNCTION("""COMPUTED_VALUE"""),"X TO 4") -> X TO 4 | F5: Ganjil | G5: {=IFERROR(AVERAGE( IFERROR(INDEX('INPUT SUMATIF'!$A:$CH,MATCH($D5,'INPUT SUMATIF'!$D:$D,0),MATCH($G$2,'INPUT SUMATIF'!$A$2:$CH$2,0)),""), IFERROR(INDEX('INPUT SUMATIF'!$A:$CH,MATCH($D5,'INPUT SUMATIF'!$D:$D,0),MATCH($H$2,'INPUT SUMATIF'!$A$2:$CH$2,0)),"") ),"")} -> 76.25 | H5: Memahami ayat Al-qur'an dan hadits tentang perintah berlomba-lomba dalam kebaikan serta menganalisis manfaat menghiundari akhlak mazmumah. | I5: {=iferror(AVERAGE( IFERROR(INDEX('INPUT SUMATIF'!$A:$CH,MATCH($D5,'INPUT SUMATIF'!$D:$D,0),MATCH($I$2,'INPUT SUMATIF'!$A$2:$CH$2,0)),""), IFERROR(INDEX('INPUT SUMATIF'!$A:$CH,MATCH($D5,'INPUT SUMATIF'!$D:$D,0),MATCH($J$2,'INPUT SUMATIF'!$A$2:$CH$2,0)),"") ),"")} -> 82.75 | J5: menganalisis cara pandang para pendiri negara tentang rumusan Pancasila sebagai dasar negara hak dan kewajiban warga negara yang diatur dalam Undang- Undang Dasar Negara Republik Indonesia Tahun 1946 | K5: {=iferror(AVERAGE( IFERROR(INDEX('INPUT SUMATIF'!$A:$CH,MATCH($D5,'INPUT SUMATIF'!$D:$D,0),MATCH($K$2,'INPUT SUMATIF'!$A$2:$CH$2,0)),""), IFERROR(INDEX('INPUT SUMATIF'!$A:$CH,MATCH($D5,'INPUT SUMATIF'!$D:$D,0),MATCH($L$2,'INPUT SUMATIF'!$A$2:$CH$2,0)),"") ),"")} -> 77.333333 | L5: memiliki kemampuan berbahasa untuk berkomunikasi dan bernalar sesuai dengan tujuan, konteks sosial, akademis, dan dunia kerja, serta mampu memahami, mengolah, menginterpretasi, dan mengevaluasi informasi dari berbagai tipe teks tentang topik yang beragam. | M5: {=iferror(AVERAGE( IFERROR(INDEX('INPUT SUMATIF'!$A:$CH,MATCH($D5,'INPUT SUMATIF'!$D:$D,0),MATCH($M$2,'INPUT SUMATIF'!$A$2:$CH$2,0)),""), IFERROR(INDEX('INPUT SUMATIF'!$A:$CH,MATCH($D5,'INPUT SUMATIF'!$D:$D,0),MATCH($N$2,'INPUT SUMATIF'!$A$2:$CH$2,0)),"") ),"")} -> 90 | N5: dapat menunjukkan kemampuan merancang dengan mengikuti beragam pola yang ada dan mempraktikkan berbagai aktivitas penerapan keterampilan gerak (motor skills) dilandasi dengan pengetahuan yang benar | O5: {=iferror(AVERAGE( IFERROR(INDEX('INPUT SUMATIF'!$A:$CH,MATCH($D5,'INPUT SUMATIF'!$D:$D,0),MATCH($O$2,'INPUT SUMATIF'!$A$2:$CH$2,0)),""), IFERROR(INDEX('INPUT SUMATIF'!$A:$CH,MATCH($D5,'INPUT SUMATIF'!$D:$D,0),MATCH($P$2,'INPUT SUMATIF'!$A$2:$CH$2,0)),"") ),"")} -> 75 | P5: Prinsip dasar ilmu Sejarah, Tahapan jaman Praejarah dengan manusia pendukungnya | Q5: {=iferror(AVERAGE( IFERROR(INDEX('INPUT SUMATIF'!$A:$CH,MATCH($D5,'INPUT SUMATIF'!$D:$D,0),MATCH($Q$2,'INPUT SUMATIF'!$A$2:$CH$2,0)),""), IFERROR(INDEX('INPUT SUMATIF'!$A:$CH,MATCH($D5,'INPUT SUMATIF'!$D:$D,0),MATCH($R$2,'INPUT SUMATIF'!$A$2:$CH$2,0)),"") ),"")} -> 88.833333 | R5: Siswa mampu memahami genre musik dan instrumen musik dengan baik | S5: {=iferror(AVERAGE( IFERROR(INDEX('INPUT SUMATIF'!$A:$CH,MATCH($D5,'INPUT SUMATIF'!$D:$D,0),MATCH($S$2,'INPUT SUMATIF'!$A$2:$CH$2,0)),""), IFERROR(INDEX('INPUT SUMATIF'!$A:$CH,MATCH($D5,'INPUT SUMATIF'!$D:$D,0),MATCH($T$2,'INPUT SUMATIF'!$A$2:$CH$2,0)),"") ),"")} -> 72.166667 | T5: Mampu memahami sejarah dan fungsi aksara sunda , bentuk dasara serta membaca aksara sunda | U5: {=iferror(AVERAGE( IFERROR(INDEX('INPUT SUMATIF'!$A:$CH,MATCH($D5,'INPUT SUMATIF'!$D:$D,0),MATCH($U$2,'INPUT SUMATIF'!$A$2:$CH$2,0)),""), IFERROR(INDEX('INPUT SUMATIF'!$A:$CH,MATCH($D5,'INPUT SUMATIF'!$D:$D,0),MATCH($V$2,'INPUT SUMATIF'!$A$2:$CH$2,0)),"") ),"")} -> 72 | V5: menggeneralisasi sifat-sifat bilangan berpangkat (termasuk bilangan pangkat pecahan) | W5: {=iferror(AVERAGE( IFERROR(INDEX('INPUT SUMATIF'!$A:$CH,MATCH($D5,'INPUT SUMATIF'!$D:$D,0),MATCH($W$2,'INPUT SUMATIF'!$A$2:$CH$2,0)),""), IFERROR(INDEX('INPUT SUMATIF'!$A:$CH,MATCH($D5,'INPUT SUMATIF'!$D:$D,0),MATCH($X$2,'INPUT SUMATIF'!$A$2:$CH$2,0)),"") ),"")} -> 72 | X5: memperkenalkan diri kepada orang lain, pengungkapan congratulation & compliment, membuat pengumuman serta penggunaan kata ganti orang pertama kedua ketiga. | Y5: {=iferror(AVERAGE( IFERROR(INDEX('INPUT SUMATIF'!$A:$CH,MATCH($D5,'INPUT SUMATIF'!$D:$D,0),MATCH($Y$2,'INPUT SUMATIF'!$A$2:$CH$2,0)),""), IFERROR(INDEX('INPUT SUMATIF'!$A:$CH,MATCH($D5,'INPUT SUMATIF'!$D:$D,0),MATCH($Z$2,'INPUT SUMATIF'!$A$2:$CH$2,0)),"") ),"")} -> 80 | Z5: memanfaatkan berbagai aplikasi secara bersamaan dan optimal untuk berkomunikasi, mencari sumber data yang akan diolah menjadi informasi, baik di dunia nyata maupun di internet, serta mahir menggunakan fitur lanjut aplikasi perkantoran (pengolah kata, angka, dan presentasi) beserta otomasinya untuk mengintegrasikan dan menyajikan konten aplikasi dalam berbagai representasi yang memudahkan analisis dan interpretasi konten tersebut. | AA5: {=iferror(AVERAGE( IFERROR(INDEX('INPUT SUMATIF'!$A:$CH,MATCH($D5,'INPUT SUMATIF'!$D:$D,0),MATCH($AA$2,'INPUT SUMATIF'!$A$2:$CH$2,0)),""), IFERROR(INDEX('INPUT SUMATIF'!$A:$CH,MATCH($D5,'INPUT SUMATIF'!$D:$D,0),MATCH($AB$2,'INPUT SUMATIF'!$A$2:$CH$2,0)),"") ),"")} -> 39 | AB5: menjelaskan fenomena-fenomena yang terjadi di lingkungan sekitarnya dilihat dari berbagai aspek seperti makhluk hidup dan lingkungan nya, zat dan perubahan nya, energi dan perubahan nya. Peserta didik juga mengaitkan fenomena-fenomena tersebut dengan keterampilan teknis pada bidang keahliannya | AC5: {=iferror(AVERAGE( IFERROR(INDEX('INPUT SUMATIF'!$A:$CH,MATCH($D5,'INPUT SUMATIF'!$D:$D,0),MATCH($AC$2,'INPUT SUMATIF'!$A$2:$CH$2,0)),""), IFERROR(INDEX('INPUT SUMATIF'!$A:$CH,MATCH($D5,'INPUT SUMATIF'!$D:$D,0),MATCH($AD$2,'INPUT SUMATIF'!$A$2:$CH$2,0)),"") ),"")} -> 79.833333 | AD5: menggunakan tools dan alat ukur dasar untuk servis sepeda motor | AE5: {=iferror(AVERAGE( IFERROR(INDEX('INPUT SUMATIF'!$A:$CH,MATCH($D5,'INPUT SUMATIF'!$D:$D,0),MATCH($AE$2,'INPUT SUMATIF'!$A$2:$CH$2,0)),""), IFERROR(INDEX('INPUT SUMATIF'!$A:$CH,MATCH($D5,'INPUT SUMATIF'!$D:$D,0),MATCH($AF$2,'INPUT SUMATIF'!$A$2:$CH$2,0)),"") ),"")} -> 77.666667 | AF5: menunjukkan sikap kerja yang sistematis, gigih (persisten), dan logis dalam menghadapi masalah komputasi yang kompleks dan dalam proses debugging kode. | AG5: {=iferror(AVERAGE( IFERROR(INDEX('INPUT SUMATIF'!$A:$CH,MATCH($D5,'INPUT SUMATIF'!$D:$D,0),MATCH($AG$2,'INPUT SUMATIF'!$A$2:$CH$2,0)),""), IFERROR(INDEX('INPUT SUMATIF'!$A:$CH,MATCH($D5,'INPUT SUMATIF'!$D:$D,0),MATCH($AH$2,'INPUT SUMATIF'!$A$2:$CH$2,0)),"") ),"")} | AI5: {=iferror(AVERAGE( IFERROR(INDEX('INPUT SUMATIF'!$A:$CH,MATCH($D5,'INPUT SUMATIF'!$D:$D,0),MATCH($AI$2,'INPUT SUMATIF'!$A$2:$CH$2,0)),""), IFERROR(INDEX('INPUT SUMATIF'!$A:$CH,MATCH($D5,'INPUT SUMATIF'!$D:$D,0),MATCH($AJ$2,'INPUT SUMATIF'!$A$2:$CH$2,0)),"") ),"")} | AK5: {=iferror(AVERAGE( IFERROR(INDEX('INPUT SUMATIF'!$A:$CH,MATCH($D5,'INPUT SUMATIF'!$D:$D,0),MATCH($AK$2,'INPUT SUMATIF'!$A$2:$CH$2,0)),""), IFERROR(INDEX('INPUT SUMATIF'!$A:$CH,MATCH($D5,'INPUT SUMATIF'!$D:$D,0),MATCH($AL$2,'INPUT SUMATIF'!$A$2:$CH$2,0)),"") ),"")} | AM5: Peserta didik menunjukkan upaya dalam bersikap disiplin dan bertanggung jawab (Mandiri), serta bekerja sama dengan teman (Gotong Royong), namun masih perlu meningkatkan konsistensi dalam menerapkan nilai-nilai akhlak mulia (Beriman dan Bertakwa kepada Tuhan YME serta Berakhlak Mulia). | AX5: 18 | AY5: - | AZ5: 1 | BA5: Tingkatkan lagi prestasimu di semester berikutnya, sehingga apa yang telah didapat sekarang bisa lebih berguna lagi dimasa depan | BB5: LULUS
A6: =IFERROR(__xludf.DUMMYFUNCTION("""COMPUTED_VALUE"""),3.0) -> 3 | B6: =IFERROR(__xludf.DUMMYFUNCTION("""COMPUTED_VALUE"""),"2526100416") -> 2526100416 | C6: =IFERROR(__xludf.DUMMYFUNCTION("""COMPUTED_VALUE"""),"0095885037") -> 0095885037 | D6: =IFERROR(__xludf.DUMMYFUNCTION("""COMPUTED_VALUE"""),"ALGI FALGIAN") -> ALGI FALGIAN | E6: =IFERROR(__xludf.DUMMYFUNCTION("""COMPUTED_VALUE"""),"X TO 4") -> X TO 4 | F6: Ganjil | G6: {=IFERROR(AVERAGE( IFERROR(INDEX('INPUT SUMATIF'!$A:$CH,MATCH($D6,'INPUT SUMATIF'!$D:$D,0),MATCH($G$2,'INPUT SUMATIF'!$A$2:$CH$2,0)),""), IFERROR(INDEX('INPUT SUMATIF'!$A:$CH,MATCH($D6,'INPUT SUMATIF'!$D:$D,0),MATCH($H$2,'INPUT SUMATIF'!$A$2:$CH$2,0)),"") ),"")} -> 80 | H6: Memahami ayat Al-qur'an dan hadits tentang perintah berlomba-lomba dalam kebaikan serta menganalisis manfaat menghiundari akhlak mazmumah. | I6: {=iferror(AVERAGE( IFERROR(INDEX('INPUT SUMATIF'!$A:$CH,MATCH($D6,'INPUT SUMATIF'!$D:$D,0),MATCH($I$2,'INPUT SUMATIF'!$A$2:$CH$2,0)),""), IFERROR(INDEX('INPUT SUMATIF'!$A:$CH,MATCH($D6,'INPUT SUMATIF'!$D:$D,0),MATCH($J$2,'INPUT SUMATIF'!$A$2:$CH$2,0)),"") ),"")} -> 79.25 | J6: menganalisis cara pandang para pendiri negara tentang rumusan Pancasila sebagai dasar negara hak dan kewajiban warga negara yang diatur dalam Undang- Undang Dasar Negara Republik Indonesia Tahun 1947 | K6: {=iferror(AVERAGE( IFERROR(INDEX('INPUT SUMATIF'!$A:$CH,MATCH($D6,'INPUT SUMATIF'!$D:$D,0),MATCH($K$2,'INPUT SUMATIF'!$A$2:$CH$2,0)),""), IFERROR(INDEX('INPUT SUMATIF'!$A:$CH,MATCH($D6,'INPUT SUMATIF'!$D:$D,0),MATCH($L$2,'INPUT SUMATIF'!$A$2:$CH$2,0)),"") ),"")} -> 83.166667 | L6: memiliki kemampuan berbahasa untuk berkomunikasi dan bernalar sesuai dengan tujuan, konteks sosial, akademis, dan dunia kerja, serta mampu memahami, mengolah, menginterpretasi, dan mengevaluasi informasi dari berbagai tipe teks tentang topik yang beragam. | M6: {=iferror(AVERAGE( IFERROR(INDEX('INPUT SUMATIF'!$A:$CH,MATCH($D6,'INPUT SUMATIF'!$D:$D,0),MATCH($M$2,'INPUT SUMATIF'!$A$2:$CH$2,0)),""), IFERROR(INDEX('INPUT SUMATIF'!$A:$CH,MATCH($D6,'INPUT SUMATIF'!$D:$D,0),MATCH($N$2,'INPUT SUMATIF'!$A$2:$CH$2,0)),"") ),"")} -> 83.25 | N6: dapat menunjukkan kemampuan merancang dengan mengikuti beragam pola yang ada dan mempraktikkan berbagai aktivitas penerapan keterampilan gerak (motor skills) dilandasi dengan pengetahuan yang benar | O6: {=iferror(AVERAGE( IFERROR(INDEX('INPUT SUMATIF'!$A:$CH,MATCH($D6,'INPUT SUMATIF'!$D:$D,0),MATCH($O$2,'INPUT SUMATIF'!$A$2:$CH$2,0)),""), IFERROR(INDEX('INPUT SUMATIF'!$A:$CH,MATCH($D6,'INPUT SUMATIF'!$D:$D,0),MATCH($P$2,'INPUT SUMATIF'!$A$2:$CH$2,0)),"") ),"")} -> 75 | P6: Prinsip dasar ilmu Sejarah, Tahapan jaman Praejarah dengan manusia pendukungnya | Q6: {=iferror(AVERAGE( IFERROR(INDEX('INPUT SUMATIF'!$A:$CH,MATCH($D6,'INPUT SUMATIF'!$D:$D,0),MATCH($Q$2,'INPUT SUMATIF'!$A$2:$CH$2,0)),""), IFERROR(INDEX('INPUT SUMATIF'!$A:$CH,MATCH($D6,'INPUT SUMATIF'!$D:$D,0),MATCH($R$2,'INPUT SUMATIF'!$A$2:$CH$2,0)),"") ),"")} -> 89.333333 | R6: Siswa mampu memahami genre musik dan instrumen musik dengan baik | S6: {=iferror(AVERAGE( IFERROR(INDEX('INPUT SUMATIF'!$A:$CH,MATCH($D6,'INPUT SUMATIF'!$D:$D,0),MATCH($S$2,'INPUT SUMATIF'!$A$2:$CH$2,0)),""), IFERROR(INDEX('INPUT SUMATIF'!$A:$CH,MATCH($D6,'INPUT SUMATIF'!$D:$D,0),MATCH($T$2,'INPUT SUMATIF'!$A$2:$CH$2,0)),"") ),"")} -> 72.166667 | T6: Mampu memahami sejarah dan fungsi aksara sunda , bentuk dasara serta membaca aksara sunda | U6: {=iferror(AVERAGE( IFERROR(INDEX('INPUT SUMATIF'!$A:$CH,MATCH($D6,'INPUT SUMATIF'!$D:$D,0),MATCH($U$2,'INPUT SUMATIF'!$A$2:$CH$2,0)),""), IFERROR(INDEX('INPUT SUMATIF'!$A:$CH,MATCH($D6,'INPUT SUMATIF'!$D:$D,0),MATCH($V$2,'INPUT SUMATIF'!$A$2:$CH$2,0)),"") ),"")} -> 80 | V6: menggeneralisasi sifat-sifat bilangan berpangkat (termasuk bilangan pangkat pecahan) | W6: {=iferror(AVERAGE( IFERROR(INDEX('INPUT SUMATIF'!$A:$CH,MATCH($D6,'INPUT SUMATIF'!$D:$D,0),MATCH($W$2,'INPUT SUMATIF'!$A$2:$CH$2,0)),""), IFERROR(INDEX('INPUT SUMATIF'!$A:$CH,MATCH($D6,'INPUT SUMATIF'!$D:$D,0),MATCH($X$2,'INPUT SUMATIF'!$A$2:$CH$2,0)),"") ),"")} -> 72 | X6: memperkenalkan diri kepada orang lain, pengungkapan congratulation & compliment, membuat pengumuman serta penggunaan kata ganti orang pertama kedua ketiga. | Y6: {=iferror(AVERAGE( IFERROR(INDEX('INPUT SUMATIF'!$A:$CH,MATCH($D6,'INPUT SUMATIF'!$D:$D,0),MATCH($Y$2,'INPUT SUMATIF'!$A$2:$CH$2,0)),""), IFERROR(INDEX('INPUT SUMATIF'!$A:$CH,MATCH($D6,'INPUT SUMATIF'!$D:$D,0),MATCH($Z$2,'INPUT SUMATIF'!$A$2:$CH$2,0)),"") ),"")} -> 80 | Z6: memanfaatkan berbagai aplikasi secara bersamaan dan optimal untuk berkomunikasi, mencari sumber data yang akan diolah menjadi informasi, baik di dunia nyata maupun di internet, serta mahir menggunakan fitur lanjut aplikasi perkantoran (pengolah kata, angka, dan presentasi) beserta otomasinya untuk mengintegrasikan dan menyajikan konten aplikasi dalam berbagai representasi yang memudahkan analisis dan interpretasi konten tersebut. | AA6: {=iferror(AVERAGE( IFERROR(INDEX('INPUT SUMATIF'!$A:$CH,MATCH($D6,'INPUT SUMATIF'!$D:$D,0),MATCH($AA$2,'INPUT SUMATIF'!$A$2:$CH$2,0)),""), IFERROR(INDEX('INPUT SUMATIF'!$A:$CH,MATCH($D6,'INPUT SUMATIF'!$D:$D,0),MATCH($AB$2,'INPUT SUMATIF'!$A$2:$CH$2,0)),"") ),"")} -> 37.5 | AB6: menjelaskan fenomena-fenomena yang terjadi di lingkungan sekitarnya dilihat dari berbagai aspek seperti makhluk hidup dan lingkungan nya, zat dan perubahan nya, energi dan perubahan nya. Peserta didik juga mengaitkan fenomena-fenomena tersebut dengan keterampilan teknis pada bidang keahliannya | AC6: {=iferror(AVERAGE( IFERROR(INDEX('INPUT SUMATIF'!$A:$CH,MATCH($D6,'INPUT SUMATIF'!$D:$D,0),MATCH($AC$2,'INPUT SUMATIF'!$A$2:$CH$2,0)),""), IFERROR(INDEX('INPUT SUMATIF'!$A:$CH,MATCH($D6,'INPUT SUMATIF'!$D:$D,0),MATCH($AD$2,'INPUT SUMATIF'!$A$2:$CH$2,0)),"") ),"")} -> 79.833333 | AD6: menggunakan tools dan alat ukur dasar untuk servis sepeda motor | AE6: {=iferror(AVERAGE( IFERROR(INDEX('INPUT SUMATIF'!$A:$CH,MATCH($D6,'INPUT SUMATIF'!$D:$D,0),MATCH($AE$2,'INPUT SUMATIF'!$A$2:$CH$2,0)),""), IFERROR(INDEX('INPUT SUMATIF'!$A:$CH,MATCH($D6,'INPUT SUMATIF'!$D:$D,0),MATCH($AF$2,'INPUT SUMATIF'!$A$2:$CH$2,0)),"") ),"")} -> 78.333333 | AF6: menunjukkan sikap kerja yang sistematis, gigih (persisten), dan logis dalam menghadapi masalah komputasi yang kompleks dan dalam proses debugging kode. | AG6: {=iferror(AVERAGE( IFERROR(INDEX('INPUT SUMATIF'!$A:$CH,MATCH($D6,'INPUT SUMATIF'!$D:$D,0),MATCH($AG$2,'INPUT SUMATIF'!$A$2:$CH$2,0)),""), IFERROR(INDEX('INPUT SUMATIF'!$A:$CH,MATCH($D6,'INPUT SUMATIF'!$D:$D,0),MATCH($AH$2,'INPUT SUMATIF'!$A$2:$CH$2,0)),"") ),"")} | AI6: {=iferror(AVERAGE( IFERROR(INDEX('INPUT SUMATIF'!$A:$CH,MATCH($D6,'INPUT SUMATIF'!$D:$D,0),MATCH($AI$2,'INPUT SUMATIF'!$A$2:$CH$2,0)),""), IFERROR(INDEX('INPUT SUMATIF'!$A:$CH,MATCH($D6,'INPUT SUMATIF'!$D:$D,0),MATCH($AJ$2,'INPUT SUMATIF'!$A$2:$CH$2,0)),"") ),"")} | AK6: {=iferror(AVERAGE( IFERROR(INDEX('INPUT SUMATIF'!$A:$CH,MATCH($D6,'INPUT SUMATIF'!$D:$D,0),MATCH($AK$2,'INPUT SUMATIF'!$A$2:$CH$2,0)),""), IFERROR(INDEX('INPUT SUMATIF'!$A:$CH,MATCH($D6,'INPUT SUMATIF'!$D:$D,0),MATCH($AL$2,'INPUT SUMATIF'!$A$2:$CH$2,0)),"") ),"")} | AM6: Peserta didik menunjukkan sikap disiplin dan tanggung jawab (Mandiri), mampu bekerja sama dan saling menghargai (Gotong Royong), serta menerapkan nilai-nilai akhlak mulia dalam kegiatan sekolah (Beriman dan Bertakwa kepada Tuhan YME serta Berakhlak Mulia). | AX6: 4 | AY6: 2 | AZ6: 5 | BA6: Tingkatkan lagi prestasimu di semester berikutnya, sehingga apa yang telah didapat sekarang bisa lebih berguna lagi dimasa depan | BB6: LULUS
A7: =IFERROR(__xludf.DUMMYFUNCTION("""COMPUTED_VALUE"""),4.0) -> 4 | B7: =IFERROR(__xludf.DUMMYFUNCTION("""COMPUTED_VALUE"""),"2526100417") -> 2526100417 | C7: =IFERROR(__xludf.DUMMYFUNCTION("""COMPUTED_VALUE"""),"0095141993") -> 0095141993 | D7: =IFERROR(__xludf.DUMMYFUNCTION("""COMPUTED_VALUE"""),"ALI PERMANA") -> ALI PERMANA | E7: =IFERROR(__xludf.DUMMYFUNCTION("""COMPUTED_VALUE"""),"X TO 4") -> X TO 4 | F7: Ganjil | G7: {=IFERROR(AVERAGE( IFERROR(INDEX('INPUT SUMATIF'!$A:$CH,MATCH($D7,'INPUT SUMATIF'!$D:$D,0),MATCH($G$2,'INPUT SUMATIF'!$A$2:$CH$2,0)),""), IFERROR(INDEX('INPUT SUMATIF'!$A:$CH,MATCH($D7,'INPUT SUMATIF'!$D:$D,0),MATCH($H$2,'INPUT SUMATIF'!$A$2:$CH$2,0)),"") ),"")} | I7: {=iferror(AVERAGE( IFERROR(INDEX('INPUT SUMATIF'!$A:$CH,MATCH($D7,'INPUT SUMATIF'!$D:$D,0),MATCH($I$2,'INPUT SUMATIF'!$A$2:$CH$2,0)),""), IFERROR(INDEX('INPUT SUMATIF'!$A:$CH,MATCH($D7,'INPUT SUMATIF'!$D:$D,0),MATCH($J$2,'INPUT SUMATIF'!$A$2:$CH$2,0)),"") ),"")} | J7: menganalisis cara pandang para pendiri negara tentang rumusan Pancasila sebagai dasar negara hak dan kewajiban warga negara yang diatur dalam Undang- Undang Dasar Negara Republik Indonesia Tahun 1948 | K7: {=iferror(AVERAGE( IFERROR(INDEX('INPUT SUMATIF'!$A:$CH,MATCH($D7,'INPUT SUMATIF'!$D:$D,0),MATCH($K$2,'INPUT SUMATIF'!$A$2:$CH$2,0)),""), IFERROR(INDEX('INPUT SUMATIF'!$A:$CH,MATCH($D7,'INPUT SUMATIF'!$D:$D,0),MATCH($L$2,'INPUT SUMATIF'!$A$2:$CH$2,0)),"") ),"")} -> 40.833333 | L7: memiliki kemampuan berbahasa untuk berkomunikasi dan bernalar sesuai dengan tujuan, konteks sosial, akademis, dan dunia kerja, serta mampu memahami, mengolah, menginterpretasi, dan mengevaluasi informasi dari berbagai tipe teks tentang topik yang beragam. | M7: {=iferror(AVERAGE( IFERROR(INDEX('INPUT SUMATIF'!$A:$CH,MATCH($D7,'INPUT SUMATIF'!$D:$D,0),MATCH($M$2,'INPUT SUMATIF'!$A$2:$CH$2,0)),""), IFERROR(INDEX('INPUT SUMATIF'!$A:$CH,MATCH($D7,'INPUT SUMATIF'!$D:$D,0),MATCH($N$2,'INPUT SUMATIF'!$A$2:$CH$2,0)),"") ),"")} -> 75 | N7: dapat menunjukkan kemampuan merancang dengan mengikuti beragam pola yang ada dan mempraktikkan berbagai aktivitas penerapan keterampilan gerak (motor skills) dilandasi dengan pengetahuan yang benar | O7: {=iferror(AVERAGE( IFERROR(INDEX('INPUT SUMATIF'!$A:$CH,MATCH($D7,'INPUT SUMATIF'!$D:$D,0),MATCH($O$2,'INPUT SUMATIF'!$A$2:$CH$2,0)),""), IFERROR(INDEX('INPUT SUMATIF'!$A:$CH,MATCH($D7,'INPUT SUMATIF'!$D:$D,0),MATCH($P$2,'INPUT SUMATIF'!$A$2:$CH$2,0)),"") ),"")} -> 57 | P7: Prinsip dasar ilmu Sejarah, Tahapan jaman Praejarah dengan manusia pendukungnya | Q7: {=iferror(AVERAGE( IFERROR(INDEX('INPUT SUMATIF'!$A:$CH,MATCH($D7,'INPUT SUMATIF'!$D:$D,0),MATCH($Q$2,'INPUT SUMATIF'!$A$2:$CH$2,0)),""), IFERROR(INDEX('INPUT SUMATIF'!$A:$CH,MATCH($D7,'INPUT SUMATIF'!$D:$D,0),MATCH($R$2,'INPUT SUMATIF'!$A$2:$CH$2,0)),"") ),"")} -> 81.5 | R7: Siswa mampu memahami genre musik dan instrumen musik dengan baik | S7: {=iferror(AVERAGE( IFERROR(INDEX('INPUT SUMATIF'!$A:$CH,MATCH($D7,'INPUT SUMATIF'!$D:$D,0),MATCH($S$2,'INPUT SUMATIF'!$A$2:$CH$2,0)),""), IFERROR(INDEX('INPUT SUMATIF'!$A:$CH,MATCH($D7,'INPUT SUMATIF'!$D:$D,0),MATCH($T$2,'INPUT SUMATIF'!$A$2:$CH$2,0)),"") ),"")} -> 10 | T7: Mampu memahami sejarah dan fungsi aksara sunda , bentuk dasara serta membaca aksara sunda | U7: {=iferror(AVERAGE( IFERROR(INDEX('INPUT SUMATIF'!$A:$CH,MATCH($D7,'INPUT SUMATIF'!$D:$D,0),MATCH($U$2,'INPUT SUMATIF'!$A$2:$CH$2,0)),""), IFERROR(INDEX('INPUT SUMATIF'!$A:$CH,MATCH($D7,'INPUT SUMATIF'!$D:$D,0),MATCH($V$2,'INPUT SUMATIF'!$A$2:$CH$2,0)),"") ),"")} -> 72 | V7: menggeneralisasi sifat-sifat bilangan berpangkat (termasuk bilangan pangkat pecahan) | W7: {=iferror(AVERAGE( IFERROR(INDEX('INPUT SUMATIF'!$A:$CH,MATCH($D7,'INPUT SUMATIF'!$D:$D,0),MATCH($W$2,'INPUT SUMATIF'!$A$2:$CH$2,0)),""), IFERROR(INDEX('INPUT SUMATIF'!$A:$CH,MATCH($D7,'INPUT SUMATIF'!$D:$D,0),MATCH($X$2,'INPUT SUMATIF'!$A$2:$CH$2,0)),"") ),"")} -> 41 | X7: memperkenalkan diri kepada orang lain, pengungkapan congratulation & compliment, membuat pengumuman serta penggunaan kata ganti orang pertama kedua ketiga. | Y7: {=iferror(AVERAGE( IFERROR(INDEX('INPUT SUMATIF'!$A:$CH,MATCH($D7,'INPUT SUMATIF'!$D:$D,0),MATCH($Y$2,'INPUT SUMATIF'!$A$2:$CH$2,0)),""), IFERROR(INDEX('INPUT SUMATIF'!$A:$CH,MATCH($D7,'INPUT SUMATIF'!$D:$D,0),MATCH($Z$2,'INPUT SUMATIF'!$A$2:$CH$2,0)),"") ),"")} -> 80 | Z7: memanfaatkan berbagai aplikasi secara bersamaan dan optimal untuk berkomunikasi, mencari sumber data yang akan diolah menjadi informasi, baik di dunia nyata maupun di internet, serta mahir menggunakan fitur lanjut aplikasi perkantoran (pengolah kata, angka, dan presentasi) beserta otomasinya untuk mengintegrasikan dan menyajikan konten aplikasi dalam berbagai representasi yang memudahkan analisis dan interpretasi konten tersebut. | AA7: {=iferror(AVERAGE( IFERROR(INDEX('INPUT SUMATIF'!$A:$CH,MATCH($D7,'INPUT SUMATIF'!$D:$D,0),MATCH($AA$2,'INPUT SUMATIF'!$A$2:$CH$2,0)),""), IFERROR(INDEX('INPUT SUMATIF'!$A:$CH,MATCH($D7,'INPUT SUMATIF'!$D:$D,0),MATCH($AB$2,'INPUT SUMATIF'!$A$2:$CH$2,0)),"") ),"")} -> 0 | AB7: menjelaskan fenomena-fenomena yang terjadi di lingkungan sekitarnya dilihat dari berbagai aspek seperti makhluk hidup dan lingkungan nya, zat dan perubahan nya, energi dan perubahan nya. Peserta didik juga mengaitkan fenomena-fenomena tersebut dengan keterampilan teknis pada bidang keahliannya | AC7: {=iferror(AVERAGE( IFERROR(INDEX('INPUT SUMATIF'!$A:$CH,MATCH($D7,'INPUT SUMATIF'!$D:$D,0),MATCH($AC$2,'INPUT SUMATIF'!$A$2:$CH$2,0)),""), IFERROR(INDEX('INPUT SUMATIF'!$A:$CH,MATCH($D7,'INPUT SUMATIF'!$D:$D,0),MATCH($AD$2,'INPUT SUMATIF'!$A$2:$CH$2,0)),"") ),"")} -> 50 | AD7: menggunakan tools dan alat ukur dasar untuk servis sepeda motor | AE7: {=iferror(AVERAGE( IFERROR(INDEX('INPUT SUMATIF'!$A:$CH,MATCH($D7,'INPUT SUMATIF'!$D:$D,0),MATCH($AE$2,'INPUT SUMATIF'!$A$2:$CH$2,0)),""), IFERROR(INDEX('INPUT SUMATIF'!$A:$CH,MATCH($D7,'INPUT SUMATIF'!$D:$D,0),MATCH($AF$2,'INPUT SUMATIF'!$A$2:$CH$2,0)),"") ),"")} -> 46.666667 | AF7: menunjukkan sikap kerja yang sistematis, gigih (persisten), dan logis dalam menghadapi masalah komputasi yang kompleks dan dalam proses debugging kode. | AG7: {=iferror(AVERAGE( IFERROR(INDEX('INPUT SUMATIF'!$A:$CH,MATCH($D7,'INPUT SUMATIF'!$D:$D,0),MATCH($AG$2,'INPUT SUMATIF'!$A$2:$CH$2,0)),""), IFERROR(INDEX('INPUT SUMATIF'!$A:$CH,MATCH($D7,'INPUT SUMATIF'!$D:$D,0),MATCH($AH$2,'INPUT SUMATIF'!$A$2:$CH$2,0)),"") ),"")} | AI7: {=iferror(AVERAGE( IFERROR(INDEX('INPUT SUMATIF'!$A:$CH,MATCH($D7,'INPUT SUMATIF'!$D:$D,0),MATCH($AI$2,'INPUT SUMATIF'!$A$2:$CH$2,0)),""), IFERROR(INDEX('INPUT SUMATIF'!$A:$CH,MATCH($D7,'INPUT SUMATIF'!$D:$D,0),MATCH($AJ$2,'INPUT SUMATIF'!$A$2:$CH$2,0)),"") ),"")} | AK7: {=iferror(AVERAGE( IFERROR(INDEX('INPUT SUMATIF'!$A:$CH,MATCH($D7,'INPUT SUMATIF'!$D:$D,0),MATCH($AK$2,'INPUT SUMATIF'!$A$2:$CH$2,0)),""), IFERROR(INDEX('INPUT SUMATIF'!$A:$CH,MATCH($D7,'INPUT SUMATIF'!$D:$D,0),MATCH($AL$2,'INPUT SUMATIF'!$A$2:$CH$2,0)),"") ),"")} | AM7: Peserta didik menunjukkan upaya dalam bersikap disiplin dan bertanggung jawab (Mandiri), serta bekerja sama dengan teman (Gotong Royong), namun masih perlu meningkatkan konsistensi dalam menerapkan nilai-nilai akhlak mulia (Beriman dan Bertakwa kepada Tuhan YME serta Berakhlak Mulia). | AX7: 23 | AY7: 5 | AZ7: 42 | BA7: Tingkatkan lagi prestasimu di semester berikutnya, sehingga apa yang telah didapat sekarang bisa lebih berguna lagi dimasa depan | BB7: LULUS
A8: =IFERROR(__xludf.DUMMYFUNCTION("""COMPUTED_VALUE"""),5.0) -> 5 | B8: =IFERROR(__xludf.DUMMYFUNCTION("""COMPUTED_VALUE"""),"2526100418") -> 2526100418 | C8: =IFERROR(__xludf.DUMMYFUNCTION("""COMPUTED_VALUE"""),"0107198266") -> 0107198266 | D8: =IFERROR(__xludf.DUMMYFUNCTION("""COMPUTED_VALUE"""),"AZRIL EKA NUGRAHA") -> AZRIL EKA NUGRAHA | E8: =IFERROR(__xludf.DUMMYFUNCTION("""COMPUTED_VALUE"""),"X TO 4") -> X TO 4 | F8: Ganjil | G8: {=IFERROR(AVERAGE( IFERROR(INDEX('INPUT SUMATIF'!$A:$CH,MATCH($D8,'INPUT SUMATIF'!$D:$D,0),MATCH($G$2,'INPUT SUMATIF'!$A$2:$CH$2,0)),""), IFERROR(INDEX('INPUT SUMATIF'!$A:$CH,MATCH($D8,'INPUT SUMATIF'!$D:$D,0),MATCH($H$2,'INPUT SUMATIF'!$A$2:$CH$2,0)),"") ),"")} -> 78.75 | H8: Memahami ayat Al-qur'an dan hadits tentang perintah berlomba-lomba dalam kebaikan serta menganalisis manfaat menghiundari akhlak mazmumah. | I8: {=iferror(AVERAGE( IFERROR(INDEX('INPUT SUMATIF'!$A:$CH,MATCH($D8,'INPUT SUMATIF'!$D:$D,0),MATCH($I$2,'INPUT SUMATIF'!$A$2:$CH$2,0)),""), IFERROR(INDEX('INPUT SUMATIF'!$A:$CH,MATCH($D8,'INPUT SUMATIF'!$D:$D,0),MATCH($J$2,'INPUT SUMATIF'!$A$2:$CH$2,0)),"") ),"")} -> 83.25 | J8: menganalisis cara pandang para pendiri negara tentang rumusan Pancasila sebagai dasar negara hak dan kewajiban warga negara yang diatur dalam Undang- Undang Dasar Negara Republik Indonesia Tahun 1949 | K8: {=iferror(AVERAGE( IFERROR(INDEX('INPUT SUMATIF'!$A:$CH,MATCH($D8,'INPUT SUMATIF'!$D:$D,0),MATCH($K$2,'INPUT SUMATIF'!$A$2:$CH$2,0)),""), IFERROR(INDEX('INPUT SUMATIF'!$A:$CH,MATCH($D8,'INPUT SUMATIF'!$D:$D,0),MATCH($L$2,'INPUT SUMATIF'!$A$2:$CH$2,0)),"") ),"")} -> 84.833333 | L8: memiliki kemampuan berbahasa untuk berkomunikasi dan bernalar sesuai dengan tujuan, konteks sosial, akademis, dan dunia kerja, serta mampu memahami, mengolah, menginterpretasi, dan mengevaluasi informasi dari berbagai tipe teks tentang topik yang beragam. | M8: {=iferror(AVERAGE( IFERROR(INDEX('INPUT SUMATIF'!$A:$CH,MATCH($D8,'INPUT SUMATIF'!$D:$D,0),MATCH($M$2,'INPUT SUMATIF'!$A$2:$CH$2,0)),""), IFERROR(INDEX('INPUT SUMATIF'!$A:$CH,MATCH($D8,'INPUT SUMATIF'!$D:$D,0),MATCH($N$2,'INPUT SUMATIF'!$A$2:$CH$2,0)),"") ),"")} -> 88 | N8: dapat menunjukkan kemampuan merancang dengan mengikuti beragam pola yang ada dan mempraktikkan berbagai aktivitas penerapan keterampilan gerak (motor skills) dilandasi dengan pengetahuan yang benar | O8: {=iferror(AVERAGE( IFERROR(INDEX('INPUT SUMATIF'!$A:$CH,MATCH($D8,'INPUT SUMATIF'!$D:$D,0),MATCH($O$2,'INPUT SUMATIF'!$A$2:$CH$2,0)),""), IFERROR(INDEX('INPUT SUMATIF'!$A:$CH,MATCH($D8,'INPUT SUMATIF'!$D:$D,0),MATCH($P$2,'INPUT SUMATIF'!$A$2:$CH$2,0)),"") ),"")} -> 83 | P8: Prinsip dasar ilmu Sejarah, Tahapan jaman Praejarah dengan manusia pendukungnya | Q8: {=iferror(AVERAGE( IFERROR(INDEX('INPUT SUMATIF'!$A:$CH,MATCH($D8,'INPUT SUMATIF'!$D:$D,0),MATCH($Q$2,'INPUT SUMATIF'!$A$2:$CH$2,0)),""), IFERROR(INDEX('INPUT SUMATIF'!$A:$CH,MATCH($D8,'INPUT SUMATIF'!$D:$D,0),MATCH($R$2,'INPUT SUMATIF'!$A$2:$CH$2,0)),"") ),"")} -> 89.5 | R8: Siswa mampu memahami genre musik dan instrumen musik dengan baik | S8: {=iferror(AVERAGE( IFERROR(INDEX('INPUT SUMATIF'!$A:$CH,MATCH($D8,'INPUT SUMATIF'!$D:$D,0),MATCH($S$2,'INPUT SUMATIF'!$A$2:$CH$2,0)),""), IFERROR(INDEX('INPUT SUMATIF'!$A:$CH,MATCH($D8,'INPUT SUMATIF'!$D:$D,0),MATCH($T$2,'INPUT SUMATIF'!$A$2:$CH$2,0)),"") ),"")} -> 83.833333 | T8: Mampu memahami sejarah dan fungsi aksara sunda , bentuk dasara serta membaca aksara sunda | U8: {=iferror(AVERAGE( IFERROR(INDEX('INPUT SUMATIF'!$A:$CH,MATCH($D8,'INPUT SUMATIF'!$D:$D,0),MATCH($U$2,'INPUT SUMATIF'!$A$2:$CH$2,0)),""), IFERROR(INDEX('INPUT SUMATIF'!$A:$CH,MATCH($D8,'INPUT SUMATIF'!$D:$D,0),MATCH($V$2,'INPUT SUMATIF'!$A$2:$CH$2,0)),"") ),"")} -> 72 | V8: menggeneralisasi sifat-sifat bilangan berpangkat (termasuk bilangan pangkat pecahan) | W8: {=iferror(AVERAGE( IFERROR(INDEX('INPUT SUMATIF'!$A:$CH,MATCH($D8,'INPUT SUMATIF'!$D:$D,0),MATCH($W$2,'INPUT SUMATIF'!$A$2:$CH$2,0)),""), IFERROR(INDEX('INPUT SUMATIF'!$A:$CH,MATCH($D8,'INPUT SUMATIF'!$D:$D,0),MATCH($X$2,'INPUT SUMATIF'!$A$2:$CH$2,0)),"") ),"")} -> 72 | X8: memperkenalkan diri kepada orang lain, pengungkapan congratulation & compliment, membuat pengumuman serta penggunaan kata ganti orang pertama kedua ketiga. | Y8: {=iferror(AVERAGE( IFERROR(INDEX('INPUT SUMATIF'!$A:$CH,MATCH($D8,'INPUT SUMATIF'!$D:$D,0),MATCH($Y$2,'INPUT SUMATIF'!$A$2:$CH$2,0)),""), IFERROR(INDEX('INPUT SUMATIF'!$A:$CH,MATCH($D8,'INPUT SUMATIF'!$D:$D,0),MATCH($Z$2,'INPUT SUMATIF'!$A$2:$CH$2,0)),"") ),"")} -> 80 | Z8: memanfaatkan berbagai aplikasi secara bersamaan dan optimal untuk berkomunikasi, mencari sumber data yang akan diolah menjadi informasi, baik di dunia nyata maupun di internet, serta mahir menggunakan fitur lanjut aplikasi perkantoran (pengolah kata, angka, dan presentasi) beserta otomasinya untuk mengintegrasikan dan menyajikan konten aplikasi dalam berbagai representasi yang memudahkan analisis dan interpretasi konten tersebut. | AA8: {=iferror(AVERAGE( IFERROR(INDEX('INPUT SUMATIF'!$A:$CH,MATCH($D8,'INPUT SUMATIF'!$D:$D,0),MATCH($AA$2,'INPUT SUMATIF'!$A$2:$CH$2,0)),""), IFERROR(INDEX('INPUT SUMATIF'!$A:$CH,MATCH($D8,'INPUT SUMATIF'!$D:$D,0),MATCH($AB$2,'INPUT SUMATIF'!$A$2:$CH$2,0)),"") ),"")} -> 50.833333 | AB8: menjelaskan fenomena-fenomena yang terjadi di lingkungan sekitarnya dilihat dari berbagai aspek seperti makhluk hidup dan lingkungan nya, zat dan perubahan nya, energi dan perubahan nya. Peserta didik juga mengaitkan fenomena-fenomena tersebut dengan keterampilan teknis pada bidang keahliannya | AC8: {=iferror(AVERAGE( IFERROR(INDEX('INPUT SUMATIF'!$A:$CH,MATCH($D8,'INPUT SUMATIF'!$D:$D,0),MATCH($AC$2,'INPUT SUMATIF'!$A$2:$CH$2,0)),""), IFERROR(INDEX('INPUT SUMATIF'!$A:$CH,MATCH($D8,'INPUT SUMATIF'!$D:$D,0),MATCH($AD$2,'INPUT SUMATIF'!$A$2:$CH$2,0)),"") ),"")} -> 80 | AD8: menggunakan tools dan alat ukur dasar untuk servis sepeda motor | AE8: {=iferror(AVERAGE( IFERROR(INDEX('INPUT SUMATIF'!$A:$CH,MATCH($D8,'INPUT SUMATIF'!$D:$D,0),MATCH($AE$2,'INPUT SUMATIF'!$A$2:$CH$2,0)),""), IFERROR(INDEX('INPUT SUMATIF'!$A:$CH,MATCH($D8,'INPUT SUMATIF'!$D:$D,0),MATCH($AF$2,'INPUT SUMATIF'!$A$2:$CH$2,0)),"") ),"")} -> 78.333333 | AF8: menunjukkan sikap kerja yang sistematis, gigih (persisten), dan logis dalam menghadapi masalah komputasi yang kompleks dan dalam proses debugging kode. | AG8: {=iferror(AVERAGE( IFERROR(INDEX('INPUT SUMATIF'!$A:$CH,MATCH($D8,'INPUT SUMATIF'!$D:$D,0),MATCH($AG$2,'INPUT SUMATIF'!$A$2:$CH$2,0)),""), IFERROR(INDEX('INPUT SUMATIF'!$A:$CH,MATCH($D8,'INPUT SUMATIF'!$D:$D,0),MATCH($AH$2,'INPUT SUMATIF'!$A$2:$CH$2,0)),"") ),"")} | AI8: {=iferror(AVERAGE( IFERROR(INDEX('INPUT SUMATIF'!$A:$CH,MATCH($D8,'INPUT SUMATIF'!$D:$D,0),MATCH($AI$2,'INPUT SUMATIF'!$A$2:$CH$2,0)),""), IFERROR(INDEX('INPUT SUMATIF'!$A:$CH,MATCH($D8,'INPUT SUMATIF'!$D:$D,0),MATCH($AJ$2,'INPUT SUMATIF'!$A$2:$CH$2,0)),"") ),"")} | AK8: {=iferror(AVERAGE( IFERROR(INDEX('INPUT SUMATIF'!$A:$CH,MATCH($D8,'INPUT SUMATIF'!$D:$D,0),MATCH($AK$2,'INPUT SUMATIF'!$A$2:$CH$2,0)),""), IFERROR(INDEX('INPUT SUMATIF'!$A:$CH,MATCH($D8,'INPUT SUMATIF'!$D:$D,0),MATCH($AL$2,'INPUT SUMATIF'!$A$2:$CH$2,0)),"") ),"")} | AM8: Peserta didik menunjukkan sikap disiplin dan tanggung jawab (Mandiri), mampu bekerja sama dan saling menghargai (Gotong Royong), serta menerapkan nilai-nilai akhlak mulia dalam kegiatan sekolah (Beriman dan Bertakwa kepada Tuhan YME serta Berakhlak Mulia). | AX8: 11 | AY8: - | AZ8: - | BA8: Tingkatkan lagi prestasimu di semester berikutnya, sehingga apa yang telah didapat sekarang bisa lebih berguna lagi dimasa depan | BB8: LULUS
A9: =IFERROR(__xludf.DUMMYFUNCTION("""COMPUTED_VALUE"""),6.0) -> 6 | B9: =IFERROR(__xludf.DUMMYFUNCTION("""COMPUTED_VALUE"""),"2526100419") -> 2526100419 | C9: =IFERROR(__xludf.DUMMYFUNCTION("""COMPUTED_VALUE"""),"0096198310") -> 0096198310 | D9: =IFERROR(__xludf.DUMMYFUNCTION("""COMPUTED_VALUE"""),"DIKA MUSTIKA SAPUTRA") -> DIKA MUSTIKA SAPUTRA | E9: =IFERROR(__xludf.DUMMYFUNCTION("""COMPUTED_VALUE"""),"X TO 4") -> X TO 4 | F9: Ganjil | G9: {=IFERROR(AVERAGE( IFERROR(INDEX('INPUT SUMATIF'!$A:$CH,MATCH($D9,'INPUT SUMATIF'!$D:$D,0),MATCH($G$2,'INPUT SUMATIF'!$A$2:$CH$2,0)),""), IFERROR(INDEX('INPUT SUMATIF'!$A:$CH,MATCH($D9,'INPUT SUMATIF'!$D:$D,0),MATCH($H$2,'INPUT SUMATIF'!$A$2:$CH$2,0)),"") ),"")} -> 77.75 | H9: Memahami ayat Al-qur'an dan hadits tentang perintah berlomba-lomba dalam kebaikan serta menganalisis manfaat menghiundari akhlak mazmumah. | I9: {=iferror(AVERAGE( IFERROR(INDEX('INPUT SUMATIF'!$A:$CH,MATCH($D9,'INPUT SUMATIF'!$D:$D,0),MATCH($I$2,'INPUT SUMATIF'!$A$2:$CH$2,0)),""), IFERROR(INDEX('INPUT SUMATIF'!$A:$CH,MATCH($D9,'INPUT SUMATIF'!$D:$D,0),MATCH($J$2,'INPUT SUMATIF'!$A$2:$CH$2,0)),"") ),"")} -> 82.75 | J9: menganalisis cara pandang para pendiri negara tentang rumusan Pancasila sebagai dasar negara hak dan kewajiban warga negara yang diatur dalam Undang- Undang Dasar Negara Republik Indonesia Tahun 1950 | K9: {=iferror(AVERAGE( IFERROR(INDEX('INPUT SUMATIF'!$A:$CH,MATCH($D9,'INPUT SUMATIF'!$D:$D,0),MATCH($K$2,'INPUT SUMATIF'!$A$2:$CH$2,0)),""), IFERROR(INDEX('INPUT SUMATIF'!$A:$CH,MATCH($D9,'INPUT SUMATIF'!$D:$D,0),MATCH($L$2,'INPUT SUMATIF'!$A$2:$CH$2,0)),"") ),"")} -> 77 | L9: memiliki kemampuan berbahasa untuk berkomunikasi dan bernalar sesuai dengan tujuan, konteks sosial, akademis, dan dunia kerja, serta mampu memahami, mengolah, menginterpretasi, dan mengevaluasi informasi dari berbagai tipe teks tentang topik yang beragam. | M9: {=iferror(AVERAGE( IFERROR(INDEX('INPUT SUMATIF'!$A:$CH,MATCH($D9,'INPUT SUMATIF'!$D:$D,0),MATCH($M$2,'INPUT SUMATIF'!$A$2:$CH$2,0)),""), IFERROR(INDEX('INPUT SUMATIF'!$A:$CH,MATCH($D9,'INPUT SUMATIF'!$D:$D,0),MATCH($N$2,'INPUT SUMATIF'!$A$2:$CH$2,0)),"") ),"")} -> 88.5 | N9: dapat menunjukkan kemampuan merancang dengan mengikuti beragam pola yang ada dan mempraktikkan berbagai aktivitas penerapan keterampilan gerak (motor skills) dilandasi dengan pengetahuan yang benar | O9: {=iferror(AVERAGE( IFERROR(INDEX('INPUT SUMATIF'!$A:$CH,MATCH($D9,'INPUT SUMATIF'!$D:$D,0),MATCH($O$2,'INPUT SUMATIF'!$A$2:$CH$2,0)),""), IFERROR(INDEX('INPUT SUMATIF'!$A:$CH,MATCH($D9,'INPUT SUMATIF'!$D:$D,0),MATCH($P$2,'INPUT SUMATIF'!$A$2:$CH$2,0)),"") ),"")} -> 57 | P9: Prinsip dasar ilmu Sejarah, Tahapan jaman Praejarah dengan manusia pendukungnya | Q9: {=iferror(AVERAGE( IFERROR(INDEX('INPUT SUMATIF'!$A:$CH,MATCH($D9,'INPUT SUMATIF'!$D:$D,0),MATCH($Q$2,'INPUT SUMATIF'!$A$2:$CH$2,0)),""), IFERROR(INDEX('INPUT SUMATIF'!$A:$CH,MATCH($D9,'INPUT SUMATIF'!$D:$D,0),MATCH($R$2,'INPUT SUMATIF'!$A$2:$CH$2,0)),"") ),"")} -> 89.666667 | R9: Siswa mampu memahami genre musik dan instrumen musik dengan baik | S9: {=iferror(AVERAGE( IFERROR(INDEX('INPUT SUMATIF'!$A:$CH,MATCH($D9,'INPUT SUMATIF'!$D:$D,0),MATCH($S$2,'INPUT SUMATIF'!$A$2:$CH$2,0)),""), IFERROR(INDEX('INPUT SUMATIF'!$A:$CH,MATCH($D9,'INPUT SUMATIF'!$D:$D,0),MATCH($T$2,'INPUT SUMATIF'!$A$2:$CH$2,0)),"") ),"")} -> 30 | T9: Mampu memahami sejarah dan fungsi aksara sunda , bentuk dasara serta membaca aksara sunda | U9: {=iferror(AVERAGE( IFERROR(INDEX('INPUT SUMATIF'!$A:$CH,MATCH($D9,'INPUT SUMATIF'!$D:$D,0),MATCH($U$2,'INPUT SUMATIF'!$A$2:$CH$2,0)),""), IFERROR(INDEX('INPUT SUMATIF'!$A:$CH,MATCH($D9,'INPUT SUMATIF'!$D:$D,0),MATCH($V$2,'INPUT SUMATIF'!$A$2:$CH$2,0)),"") ),"")} -> 72 | V9: menggeneralisasi sifat-sifat bilangan berpangkat (termasuk bilangan pangkat pecahan) | W9: {=iferror(AVERAGE( IFERROR(INDEX('INPUT SUMATIF'!$A:$CH,MATCH($D9,'INPUT SUMATIF'!$D:$D,0),MATCH($W$2,'INPUT SUMATIF'!$A$2:$CH$2,0)),""), IFERROR(INDEX('INPUT SUMATIF'!$A:$CH,MATCH($D9,'INPUT SUMATIF'!$D:$D,0),MATCH($X$2,'INPUT SUMATIF'!$A$2:$CH$2,0)),"") ),"")} -> 72 | X9: memperkenalkan diri kepada orang lain, pengungkapan congratulation & compliment, membuat pengumuman serta penggunaan kata ganti orang pertama kedua ketiga. | Y9: {=iferror(AVERAGE( IFERROR(INDEX('INPUT SUMATIF'!$A:$CH,MATCH($D9,'INPUT SUMATIF'!$D:$D,0),MATCH($Y$2,'INPUT SUMATIF'!$A$2:$CH$2,0)),""), IFERROR(INDEX('INPUT SUMATIF'!$A:$CH,MATCH($D9,'INPUT SUMATIF'!$D:$D,0),MATCH($Z$2,'INPUT SUMATIF'!$A$2:$CH$2,0)),"") ),"")} -> 80 | Z9: memanfaatkan berbagai aplikasi secara bersamaan dan optimal untuk berkomunikasi, mencari sumber data yang akan diolah menjadi informasi, baik di dunia nyata maupun di internet, serta mahir menggunakan fitur lanjut aplikasi perkantoran (pengolah kata, angka, dan presentasi) beserta otomasinya untuk mengintegrasikan dan menyajikan konten aplikasi dalam berbagai representasi yang memudahkan analisis dan interpretasi konten tersebut. | AA9: {=iferror(AVERAGE( IFERROR(INDEX('INPUT SUMATIF'!$A:$CH,MATCH($D9,'INPUT SUMATIF'!$D:$D,0),MATCH($AA$2,'INPUT SUMATIF'!$A$2:$CH$2,0)),""), IFERROR(INDEX('INPUT SUMATIF'!$A:$CH,MATCH($D9,'INPUT SUMATIF'!$D:$D,0),MATCH($AB$2,'INPUT SUMATIF'!$A$2:$CH$2,0)),"") ),"")} -> 39 | AB9: menjelaskan fenomena-fenomena yang terjadi di lingkungan sekitarnya dilihat dari berbagai aspek seperti makhluk hidup dan lingkungan nya, zat dan perubahan nya, energi dan perubahan nya. Peserta didik juga mengaitkan fenomena-fenomena tersebut dengan keterampilan teknis pada bidang keahliannya | AC9: {=iferror(AVERAGE( IFERROR(INDEX('INPUT SUMATIF'!$A:$CH,MATCH($D9,'INPUT SUMATIF'!$D:$D,0),MATCH($AC$2,'INPUT SUMATIF'!$A$2:$CH$2,0)),""), IFERROR(INDEX('INPUT SUMATIF'!$A:$CH,MATCH($D9,'INPUT SUMATIF'!$D:$D,0),MATCH($AD$2,'INPUT SUMATIF'!$A$2:$CH$2,0)),"") ),"")} -> 80 | AD9: menggunakan tools dan alat ukur dasar untuk servis sepeda motor | AE9: {=iferror(AVERAGE( IFERROR(INDEX('INPUT SUMATIF'!$A:$CH,MATCH($D9,'INPUT SUMATIF'!$D:$D,0),MATCH($AE$2,'INPUT SUMATIF'!$A$2:$CH$2,0)),""), IFERROR(INDEX('INPUT SUMATIF'!$A:$CH,MATCH($D9,'INPUT SUMATIF'!$D:$D,0),MATCH($AF$2,'INPUT SUMATIF'!$A$2:$CH$2,0)),"") ),"")} -> 77.666667 | AF9: menunjukkan sikap kerja yang sistematis, gigih (persisten), dan logis dalam menghadapi masalah komputasi yang kompleks dan dalam proses debugging kode. | AG9: {=iferror(AVERAGE( IFERROR(INDEX('INPUT SUMATIF'!$A:$CH,MATCH($D9,'INPUT SUMATIF'!$D:$D,0),MATCH($AG$2,'INPUT SUMATIF'!$A$2:$CH$2,0)),""), IFERROR(INDEX('INPUT SUMATIF'!$A:$CH,MATCH($D9,'INPUT SUMATIF'!$D:$D,0),MATCH($AH$2,'INPUT SUMATIF'!$A$2:$CH$2,0)),"") ),"")} | AI9: {=iferror(AVERAGE( IFERROR(INDEX('INPUT SUMATIF'!$A:$CH,MATCH($D9,'INPUT SUMATIF'!$D:$D,0),MATCH($AI$2,'INPUT SUMATIF'!$A$2:$CH$2,0)),""), IFERROR(INDEX('INPUT SUMATIF'!$A:$CH,MATCH($D9,'INPUT SUMATIF'!$D:$D,0),MATCH($AJ$2,'INPUT SUMATIF'!$A$2:$CH$2,0)),"") ),"")} | AK9: {=iferror(AVERAGE( IFERROR(INDEX('INPUT SUMATIF'!$A:$CH,MATCH($D9,'INPUT SUMATIF'!$D:$D,0),MATCH($AK$2,'INPUT SUMATIF'!$A$2:$CH$2,0)),""), IFERROR(INDEX('INPUT SUMATIF'!$A:$CH,MATCH($D9,'INPUT SUMATIF'!$D:$D,0),MATCH($AL$2,'INPUT SUMATIF'!$A$2:$CH$2,0)),"") ),"")} | AM9: Peserta didik menunjukkan upaya dalam bersikap disiplin dan bertanggung jawab (Mandiri), serta bekerja sama dengan teman (Gotong Royong), namun masih perlu meningkatkan konsistensi dalam menerapkan nilai-nilai akhlak mulia (Beriman dan Bertakwa kepada Tuhan YME serta Berakhlak Mulia). | AX9: 5 | AY9: - | AZ9: - | BA9: Tingkatkan lagi prestasimu di semester berikutnya, sehingga apa yang telah didapat sekarang bisa lebih berguna lagi dimasa depan | BB9: LULUS
